bbticker,isin
1909315D IN Equity,INE488A01027
1958850D IN Equity,INE130C01039
2271068D IN Equity,INE968G01033
3M IN Equity,INE470A01017
63MOONS IN Equity,INE111B01023
ABAN IN Equity,INE421A01028
ABB IN Equity,INE117A01022
ABGS IN Equity,INE067H01016
ABNL IN Equity,INE069A01017
ABREL IN Equity,INE055A01016
JI IN Equity,INE175A01038
JKBK IN Equity,INE168A01041
JM IN Equity,INE780C01023
JPA IN Equity,INE455F01025
JSAW IN Equity,INE324A01032
JSP IN Equity,INE749A01030
JSTL IN Equity,INE019A01038
JSWI IN Equity,INE136A01022
JSWISPL IN Equity,INE743C01021
JTEKT IN Equity,INE643A01035
GEO IN Equity,INE797A01021
GEOFSL IN Equity,INE007B01023
GEPIL IN Equity,INE878A01011
GESCO IN Equity,INE017A01032
GETD IN Equity,INE200A01026
GEXP IN Equity,INE887G01027
GFLTD IN Equity,INE538A01037
GGAS IN Equity,INE374A01029
GHCL IN Equity,INE539A01019
GILL IN Equity,INE322A01010
AJP IN Equity,INE031B01049
AKOP IN Equity,INE523B01011
AKZO IN Equity,INE133A01011
AL IN Equity,INE208A01029
ALBC IN Equity,INE426A01027
ALBK IN Equity,INE428A01015
ALFA IN Equity,INE427A01017
ALOK IN Equity,INE270A01029
ANDB IN Equity,INE434A01013
APHS IN Equity,INE437A01024
CHMB IN Equity,INE085A01013
CHOLAHLD IN Equity,INE149A01033
CIFC IN Equity,INE121A01024
CIPLA IN Equity,INE059A01026
CIS IN Equity,INE198A01014
CLGT IN Equity,INE259A01022
CMC IN Equity,INE314A01017
COSMOFIR IN Equity,INE757A01017
CPBI IN Equity,INE348B01021
CRIN IN Equity,INE169A01031
GIP IN Equity,INE162A01010
GITG IN Equity,INE346H01014
GLXO IN Equity,INE159A01016
GMDC IN Equity,INE131A01031
GMON IN Equity,INE259B01020
GMRI IN Equity,INE776C01039
GNC IN Equity,INE110D01013
GNFC IN Equity,INE113A01013
GNP IN Equity,INE935A01035
GOFF IN Equity,INE892H01017
BOB IN Equity,INE028A01039
BOI IN Equity,INE084A01016
BOS IN Equity,INE323A01026
BPCL IN Equity,INE029A01011
BPL IN Equity,INE110A01019
BRCM IN Equity,INE119A01028
BRFL IN Equity,INE589G01011
BRGR IN Equity,INE463A01038
BRIT IN Equity,INE216A01030
BSOFT IN Equity,INE836A01035
MAXF IN Equity,INE180A01020
MBI IN Equity,INE739A01015
MCHM IN Equity,INE274B01011
MCLR IN Equity,INE942G01012
MHS IN Equity,INE271B01025
MINK IN Equity,INE056A01014
MIRC IN Equity,INE831A01028
MJS IN Equity,INE577A01027
MKTA IN Equity,INE374B01019
MM IN Equity,INE101A01026
ELDP IN Equity,INE975A01015
ELEQ IN Equity,INE285A01027
ELSC IN Equity,INE086A01029
EMBDL IN Equity,INE069I01010
ENGR IN Equity,INE510A01028
ENIL IN Equity,INE265F01028
EPLL IN Equity,INE255A01020
ERIE IN Equity,INE039E01020
ESAB IN Equity,INE284A01012
ESCORTS IN Equity,INE042A01014
JTI IN Equity,INE364A01020
JUBLPHAR IN Equity,INE700A01033
JYS IN Equity,INE197A01024
KASH IN Equity,INE350H01032
KBL IN Equity,INE614B01018
KCPL IN Equity,INE805C01028
KECI IN Equity,INE389H01022
KFL IN Equity,INE080B01012
KJC IN Equity,INE217B01036
KKB IN Equity,INE732A01036
HAVL IN Equity,INE176B01034
HCC IN Equity,INE549A01026
HCLI IN Equity,INE236A01020
HCLT IN Equity,INE860A01027
HDFC IN Equity,INE001A01036
HDFCB IN Equity,INE040A01034
HDIL IN Equity,INE191I01012
HEG IN Equity,INE545A01024
HEUBACHI IN Equity,INE492A01029
HEXW IN Equity,INE093A01033
DCMS IN Equity,INE499A01024
DCW IN Equity,INE500A01029
DECH IN Equity,INE137G01027
DFPC IN Equity,INE501A01019
DHANI IN Equity,INE274G01010
DISH IN Equity,INE353G01020
DIVI IN Equity,INE361B01024
DLFU IN Equity,INE271C01023
DNI IN Equity,INE668D01028
DRRD IN Equity,INE089A01031
LANCI IN Equity,INE785C01048
LICHF IN Equity,INE115A01026
LIIL IN Equity,INE473A01011
LKEF IN Equity,INE992B01026
LMW IN Equity,INE269B01029
LPC IN Equity,INE326A01037
LT IN Equity,INE018A01030
LVB IN Equity,INE694C01018
MAHLIFE IN Equity,INE813A01018
MAST IN Equity,INE759A01021
BBOX IN Equity,INE676A01027
BCORP IN Equity,INE340A01012
BD IN Equity,INE032A01023
BDE IN Equity,INE233B01017
BEML IN Equity,INE258A01016
BEPL IN Equity,INE922A01025
BHARTI IN Equity,INE397D01024
BHE IN Equity,INE263A01024
BHEL IN Equity,INE257A01026
BHFC IN Equity,INE465A01025
HSBI IN Equity,INE800B01013
HSS IN Equity,INE049A01027
HTFL IN Equity,INE978A01027
HTML IN Equity,INE501G01024
HUB IN Equity,INE703H01016
HUIN IN Equity,INE275B01026
HUVR IN Equity,INE030A01027
HWA IN Equity,INE671A01010
HZ IN Equity,INE267A01025
IBULL IN Equity,INE894F01025
IRS IN Equity,INE156A01020
ISL IN Equity,INE915B01019
ITC IN Equity,INE154A01025
IVRC IN Equity,INE875A01025
JAGP IN Equity,INE199G01027
JBCP IN Equity,INE572A01036
JDPF IN Equity,INE197D01010
JDSL IN Equity,INE220G01021
JETIN IN Equity,INE802G01018
JFI IN Equity,INE070D01027
CRISIL IN Equity,INE007A01025
CRPBK IN Equity,INE112A01023
CSTRL IN Equity,INE172A01027
CU IN Equity,INE120A01034
CUBK IN Equity,INE491A01021
CYL IN Equity,INE136B01020
DABUR IN Equity,INE016A01026
DBNK IN Equity,INE077A01010
DCB IN Equity,INE495A01022
DCIL IN Equity,INE506A01018
HKCI IN Equity,INE475B01022
HLV IN Equity,INE102A01024
HM IN Equity,INE253A01025
HMCL IN Equity,INE158A01026
HMFC IN Equity,INE548A01028
HMT IN Equity,INE262A01018
HNDL IN Equity,INE038A01020
HOE IN Equity,INE345A01011
HPCL IN Equity,INE094A01015
HRM IN Equity,INE544A01019
ACC IN Equity,INE012A01025
ACEM IN Equity,INE079A01024
ADE IN Equity,INE423A01024
ADSEZ IN Equity,INE742F01042
ADV IN Equity,INE517H01028
AFTK IN Equity,INE796A01023
AGIG IN Equity,INE415A01038
AGLL IN Equity,INE418H01029
AHOT IN Equity,INE363A01022
AISG IN Equity,INE439A01020
MMFS IN Equity,INE774D01024
MOFS IN Equity,INE338I01027
MOTHERSO IN Equity,INE775A01035
MPHL IN Equity,INE356A01018
MRCO IN Equity,INE196A01026
MRF IN Equity,INE883A01011
MRL IN Equity,INE178A01016
MRLN IN Equity,INE934B01028
MRPL IN Equity,INE103A01014
MRZI IN Equity,INE771A01026
APIL IN Equity,INE436A01026
APNT IN Equity,INE021A01026
APTR IN Equity,INE266F01018
APTY IN Equity,INE438A01022
ARBP IN Equity,INE406A01037
ARCP IN Equity,INE242C01024
ARENM IN Equity,INE885A01032
ARTO IN Equity,INE769A01020
ARVND IN Equity,INE034A01011
ASEL IN Equity,INE441A01026
ASG IN Equity,INE715B01021
ASTR IN Equity,INE203A01020
ATFL IN Equity,INE209A01019
ATLP IN Equity,INE100A01010
ATXL IN Equity,INE449A01011
AWL IN Equity,INE045A01017
AXSB IN Equity,INE238A01034
BAF IN Equity,INE296A01024
BASF IN Equity,INE373A01013
BATA IN Equity,INE176A01028
GP IN Equity,INE260B01028
GRASIM IN Equity,INE047A01021
GRDN IN Equity,INE526A01016
GRIL IN Equity,INE371A01025
GRV IN Equity,INE224A01026
GSFC IN Equity,INE026A01025
GTLI IN Equity,INE221H01019
GTS IN Equity,INE043A01012
GUJS IN Equity,INE246F01010
GVKP IN Equity,INE251H01024
MSIL IN Equity,INE585B01010
MTCL IN Equity,INE018I01017
MTNL IN Equity,INE153A01019
MUS IN Equity,INE850A01010
NACL IN Equity,INE139A01034
NAVA IN Equity,INE725A01022
NDTV IN Equity,INE155G01029
NELCO IN Equity,INE045B01015
NELI IN Equity,INE060A01024
NFCL IN Equity,INE580A01013
ICEM IN Equity,INE383A01012
ICICIBC IN Equity,INE090A01021
IDBI IN Equity,INE008A01015
IDEA IN Equity,INE669E01016
IDFC IN Equity,INE043D01016
IFCI IN Equity,INE039A01010
IGL IN Equity,INE203G01027
IGLY IN Equity,INE560A01015
IH IN Equity,INE053A01029
IIB IN Equity,INE095A01012
BILT IN Equity,INE294A01037
BIOS IN Equity,INE376G01013
BJAUT IN Equity,INE917I01010
BJFIN IN Equity,INE918I01026
BJH IN Equity,INE306A01021
BJHI IN Equity,INE118A01012
BLCL IN Equity,INE164A01016
BLJT IN Equity,INE794B01026
BLSTR IN Equity,INE472A01039
BNRI IN Equity,INE459A01010
DSIL IN Equity,INE366A01041
DSK IN Equity,INE891A01014
DSM IN Equity,INE041A01016
DYTC IN Equity,INE221B01012
EDEL IN Equity,INE532F01054
EDSL IN Equity,INE216H01027
EID IN Equity,INE126A01031
EIH IN Equity,INE230A01023
EIM IN Equity,INE066A01021
EKCL IN Equity,INE184H01027
ESOIL IN Equity,INE011A01019
ESRS IN Equity,INE282A01024
EVI IN Equity,INE295A01018
EXID IN Equity,INE302A01020
FB IN Equity,INE171A01029
FDCLT IN Equity,INE258B01022
FEL IN Equity,INE623B01027
FKOL IN Equity,INE575G01010
FLSG IN Equity,INE492B01019
FMGI IN Equity,INE529A01010
CAFL IN Equity,INE688I01017
CAIR IN Equity,INE910H01017
CANF IN Equity,INE477A01020
CAST IN Equity,INE068D01021
CBK IN Equity,INE476A01022
CCRI IN Equity,INE111A01025
CDFH IN Equity,INE025A01027
CENK IN Equity,INE485A01015
CESC IN Equity,INE486A01021
CGPOWER IN Equity,INE067A01029
KKC IN Equity,INE298A01020
KKIL IN Equity,INE250A01039
KMB IN Equity,INE237A01028
KNPL IN Equity,INE531A01024
KPIL IN Equity,INE220B01022
KSB IN Equity,INE999A01023
KSI IN Equity,INE087A01019
KSO IN Equity,INE727D01022
KUTN IN Equity,INE406I01014
KVB IN Equity,INE036D01028
FNXC IN Equity,INE235A01022
FNXP IN Equity,INE183A01024
FORH IN Equity,INE061F01013
FSOL IN Equity,INE684F01012
GAEX IN Equity,INE036B01030
GAIL IN Equity,INE129A01019
GALK IN Equity,INE186A01019
GCPL IN Equity,INE102D01028
GDPL IN Equity,INE852F01015
GDSP IN Equity,INE233A01035
IIFL IN Equity,INE530B01024
INFO IN Equity,INE009A01021
INFOE IN Equity,INE663F01024
INGR IN Equity,INE177A01018
INOL IN Equity,INE312H01016
IOB IN Equity,INE565A01014
IOCL IN Equity,INE242A01010
IPCA IN Equity,INE571A01038
IPMC IN Equity,INE681B01017
IRB IN Equity,INE821I01022
ZYDUSLIF IN Equity,INE010B01027
NTPC IN Equity,INE733E01010
OAXE IN Equity,INE800H01010
OBC IN Equity,INE141A01014
OFSS IN Equity,INE881D01027
OMAX IN Equity,INE090B01011
ONGC IN Equity,INE213A01029
OPI IN Equity,INE592A01026
ORCP IN Equity,INE191A01027
OSWALGRE IN Equity,INE143A01010
OTH IN Equity,INE750A01020
PARSV IN Equity,INE561H01026
PATANJAL IN Equity,INE619A01035
PATNI IN Equity,INE660F01012
PEC IN Equity,INE244B01030
PFIZ IN Equity,INE182A01018
PG IN Equity,INE179A01014
PGHL IN Equity,INE199A01012
PGIL IN Equity,INE940H01022
PGLT IN Equity,INE859A01011
PHNX IN Equity,INE211B01039
SHOP IN Equity,INE498B01024
SHRS IN Equity,INE087H01022
SI IN Equity,INE195A01028
SIB IN Equity,INE683A01023
SIEM IN Equity,INE003A01024
SINF IN Equity,INE059B01024
SINT IN Equity,INE429C01035
SJC IN Equity,INE633A01028
SKB IN Equity,INE264A01014
SKF IN Equity,INE640A01023
SKNL IN Equity,INE772A01016
SLT IN Equity,INE324C01038
SNDB IN Equity,INE667A01018
SOBHA IN Equity,INE671H01015
SOTL IN Equity,INE089C01029
SPPM IN Equity,INE202C01010
SPPT IN Equity,INE663A01033
SRCM IN Equity,INE070A01015
SREI IN Equity,INE872A01014
SRF IN Equity,INE647A01010
SAPH IN Equity,INE317A01028
SARE IN Equity,INE979A01025
SBIN IN Equity,INE062A01020
SCHFL IN Equity,INE513A01022
SCI IN Equity,INE109A01011
SEAM IN Equity,INE497B01018
SF IN Equity,INE387A01021
SG IN Equity,INE631A01022
SHDSL IN Equity,INE178C01020
SHFL IN Equity,INE721A01013
NFL IN Equity,INE870D01012
NIIT IN Equity,INE161A01038
NILK IN Equity,INE310A01015
NIRMA IN Equity,INE091A01029
NJCC IN Equity,INE868B01028
NLC IN Equity,INE589A01014
NMDC IN Equity,INE584A01023
NML IN Equity,INE747B01016
NRBBR IN Equity,INE349A01021
NTB IN Equity,INE781B01015
PSLL IN Equity,INE474B01017
PTCIN IN Equity,INE877F01012
PUNJ IN Equity,INE701B01021
PURVA IN Equity,INE323I01011
PVPV IN Equity,INE362A01016
PWGR IN Equity,INE752E01010
RAI IN Equity,INE209B01025
RALI IN Equity,INE613A01020
RAMCO IN Equity,INE614A01028
RBXY IN Equity,INE015A01028
PIDI IN Equity,INE318A01026
PIEL IN Equity,INE140A01024
PLNG IN Equity,INE347G01014
PNB IN Equity,INE160A01022
PNCB IN Equity,INE922B01023
POL IN Equity,INE763A01023
POWF IN Equity,INE134E01011
PRIC IN Equity,INE605A01026
PRJ IN Equity,INE074A01025
PRSMJ IN Equity,INE010A01011
RIIL IN Equity,INE046A01015
RJEX IN Equity,INE343B01030
RLTA IN Equity,INE293A01013
RMCS IN Equity,INE246B01019
RMW IN Equity,INE540B01015
RNR IN Equity,INE328H01012
RPWR IN Equity,INE614G01033
RW IN Equity,INE301A01014
SAIL IN Equity,INE114A01011
SANL IN Equity,INE058A01010
TPWR IN Equity,INE245A01021
TRCL IN Equity,INE331A01037
TRE IN Equity,INE256C01024
TRENT IN Equity,INE849A01020
TRID IN Equity,INE064C01022
TRP IN Equity,INE685A01028
TTAN IN Equity,INE280A01028
TTCH IN Equity,INE092A01019
TTMT IN Equity,INE155A01022
TTSL IN Equity,INE122H01027
TECHM IN Equity,INE669C01036
TELX IN Equity,INE670A01012
TFCI IN Equity,INE305A01015
TICL IN Equity,INE672A01018
TLEI IN Equity,INE889A01026
TML IN Equity,INE056C01010
TMX IN Equity,INE152A01029
TNNP IN Equity,INE107A01015
TNPP IN Equity,INE148A01019
TPW IN Equity,INE813H01021
SSOF IN Equity,INE269A01021
STC IN Equity,INE655A01013
STLT IN Equity,INE268A01049
STR IN Equity,INE939A01011
STSG IN Equity,INE623A01011
SUEL IN Equity,INE040H01021
SUF IN Equity,INE660A01013
SUNP IN Equity,INE044A01036
SUNTV IN Equity,INE424H01027
SWE IN Equity,INE277A01016
SYR IN Equity,INE335A01020
TAJG IN Equity,INE586B01026
TATA IN Equity,INE081A01020
TATACONS IN Equity,INE192A01025
TATASLPL IN Equity,INE674A01014
TATASTL IN Equity,INE824B01021
TC IN Equity,INE332A01027
TCO IN Equity,INE493A01027
TCOM IN Equity,INE151A01013
TCS IN Equity,INE467B01029
RCAPT IN Equity,INE013A01015
RCF IN Equity,INE027A01015
RCOM IN Equity,INE330H01018
RDCK IN Equity,INE944F01028
RECL IN Equity,INE020B01018
REDI IN Equity,INE891D01026
REIA IN Equity,INE385B01031
RELG IN Equity,INE621H01010
RELI IN Equity,INE036A01016
RELIANCE IN Equity,INE002A01018
TV18 IN Equity,INE886H01027
TVSL IN Equity,INE494B01023
TVTN IN Equity,INE038F01029
UBBL IN Equity,INE686F01025
UCO IN Equity,INE691A01018
UFLX IN Equity,INE516A01017
UIP IN Equity,INE466H01028
UL IN Equity,INE351A01035
UNBK IN Equity,INE692A01016
UNITDSPR IN Equity,INE854D01024
VJYBK IN Equity,INE705A01016
VOLT IN Equity,INE226A01021
VREL IN Equity,INE945H01013
VRNS IN Equity,INE702A01013
VST IN Equity,INE710A01016
VTEX IN Equity,INE825A01020
VYSB IN Equity,INE166A01011
WCPM IN Equity,INE976A01021
WH IN Equity,INE398A01010
WLCO IN Equity,INE191B01025
WPL IN Equity,INE049B01025
WPRO IN Equity,INE075A01022
WYH IN Equity,INE378A01012
YES IN Equity,INE528G01035
Z IN Equity,INE256A01028
ZDC IN Equity,INE206B01013
ZEEN IN Equity,INE966H01019
ZENT IN Equity,INE520A01027
ZNDU IN Equity,INE719A01017
ZUARIIND IN Equity,INE217A01012
UPLL IN Equity,INE628A01036
USM IN Equity,INE228A01035
UT IN Equity,INE694A01020
UTCEM IN Equity,INE481G01011
UTTM IN Equity,INE699A01011
UTV IN Equity,INE507B01022
VCLF IN Equity,INE703A01011
VEDL IN Equity,INE205A01025
VI IN Equity,INE386A01015
VIP IN Equity,INE054A01027
III IN Equity,INE748C01038
PENL IN Equity,INE138A01028
BRGD IN Equity,INE791I01019
BNCO IN Equity,INE213C01025
ADANI IN Equity,INE814H01011
KARG IN Equity,INE299C01024
AJRINFRA IN Equity,INE181G01025
BINC IN Equity,INE042H01019
NHPC IN Equity,INE848E01016
OINL IN Equity,INE274J01014
SWH IN Equity,INE824G01012
JSW IN Equity,INE121E01018
TPC IN Equity,INE422C01014
DBREALTY IN Equity,INE879I01012
JUBI IN Equity,INE797F01020
JPIN IN Equity,INE099J01015
JPVL IN Equity,INE351F01018
SRIN IN Equity,INE805D01034
HATH IN Equity,INE982F01036
SACV IN Equity,INE538H01024
BGRL IN Equity,INE661I01014
ALDS IN Equity,INE102I01027
BJE IN Equity,INE193E01025
COXK IN Equity,INE008I01026
HMN IN Equity,INE548C01032
DELTA IN Equity,INE124G01033
GPL IN Equity,INE484J01027
CETL IN Equity,INE247G01024
KRI IN Equity,INE990B01012
JKI IN Equity,INE573A01042
OMDC IN Equity,INE725E01024
OPTC IN Equity,INE808B01016
ORB IN Equity,INE628H01015
ZYWL IN Equity,INE768C01010
RNAVAL IN Equity,INE542F01012
SADE IN Equity,INE226H01026
COAL IN Equity,INE522F01014
OBER IN Equity,INE093I01010
IECC IN Equity,INE369I01014
ARSS IN Equity,INE267I01010
PEPL IN Equity,INE811K01011
DITV IN Equity,INE836F01026
DHLBK IN Equity,INE680A01011
ECLX IN Equity,INE738I01010
CBOI IN Equity,INE483A01010
KSK IN Equity,INE143H01015
GPPV IN Equity,INE517F01014
INBK IN Equity,INE562A01011
BFUT IN Equity,INE243D01012
BHAFIN IN Equity,INE180K01011
DCBB IN Equity,INE503A01015
DEWH IN Equity,INE202B01012
AIAE IN Equity,INE212H01026
NETM IN Equity,INE870H01013
NEUTL IN Equity,INE333I01036
PSYS IN Equity,INE262H01021
SBBJ IN Equity,INE648A01026
SBTR IN Equity,INE654A01024
RTPOW IN Equity,INE399K01017
PAG IN Equity,INE761H01022
FCON IN Equity,INE220J01025
MVLL IN Equity,INE744I01034
JBIL IN Equity,INE091G01018
LTF IN Equity,INE498L01015
ARSL IN Equity,INE968D01022
ICRA IN Equity,INE725G01011
MUTH IN Equity,INE414G01012
EROS IN Equity,INE416L01017
KWALITY IN Equity,INE775B01025
LLL IN Equity,INE597L01014
JKIL IN Equity,INE576I01022
AURFI IN Equity,INE306B01029
PKI IN Equity,INE603A01013
UB IN Equity,INE696A01025
TDPS IN Equity,INE419M01027
TEEC IN Equity,INE286K01024
THEAL IN Equity,INE040M01013
RMKY IN Equity,INE874I01013
PAISALO IN Equity,INE420C01059
MINF IN Equity,INE949H01023
AUTOL IN Equity,INE718H01014
BBTC IN Equity,INE050A01025
MCF IN Equity,INE558B01017
BIL IN Equity,INE787D01026
JBF IN Equity,INE187A01017
2299371D IN Equity,INE549I01011
FLEXI IN Equity,INE060J01017
GBGLOBAL IN Equity,INE087J01028
ACLGATI IN Equity,INE152B01027
PRIF IN Equity,INE367G01038
SCUF IN Equity,INE722A01011
SLCL IN Equity,INE851B01016
SPII IN Equity,INE550H01011
TTKPT IN Equity,INE690A01028
VKI IN Equity,INE051B01021
MOIL IN Equity,INE490G01020
ILFT IN Equity,INE975G01012
IMFA IN Equity,INE919H01018
COFORGE IN Equity,INE591G01017
SPADV IN Equity,INE232I01014
PVRINOX IN Equity,INE191H01014
SWAN IN Equity,INE665A01038
TBZL IN Equity,INE760L01018
WELSPUNL IN Equity,INE192B01031
OCAP IN Equity,INE912L01015
GABR IN Equity,INE524A01029
GEOD IN Equity,INE371D01029
DDLL IN Equity,INE928K01013
DEN IN Equity,INE947J01015
GRHF IN Equity,INE580B01029
HCP IN Equity,INE531E01026
INDUSTOW IN Equity,INE121J01017
DBCL IN Equity,INE950I01011
20ML IN Equity,INE144J01027
ICSL IN Equity,INE486J01014
MAN IN Equity,INE993A01026
MHRL IN Equity,INE998I01010
MHSC IN Equity,INE288A01013
MMTC IN Equity,INE123F01029
KEKC IN Equity,INE401H01017
KPDL IN Equity,INE094I01018
KSCL IN Equity,INE455I01029
DBNK/F IN Equity,INE077A01010
JKLC IN Equity,INE786A01032
EDA IN Equity,INE825H01017
MTEL IN Equity,INE472M01018
POL/F IN Equity,INE763A01023
POONAWAL IN Equity,INE511C01022
ZCVCS IN Equity,INE342J01019
WHIRL IN Equity,INE716A01013
RPRO IN Equity,INE904G01038
RAJT IN Equity,INE952H01027
JYL IN Equity,INE668F01031
CARE IN Equity,INE752H01013
NBCC IN Equity,INE095N01031
JUST IN Equity,INE599M01018
BAJAJCON IN Equity,INE933K01021
PI IN Equity,INE603J01030
PTCIF IN Equity,INE560K01014
SAMMAANC IN Equity,INE148I01020
VGM IN Equity,INE884A01027
RINDL IN Equity,INE855B01025
ASBL IN Equity,INE442H01029
ASTRA IN Equity,INE006I01046
ALPM IN Equity,INE901L01018
APR IN Equity,INE372A01015
KTG IN Equity,INE602G01020
NFPI IN Equity,INE489H01020
NOCIL IN Equity,INE163A01018
WHL IN Equity,INE715A01015
VATW IN Equity,INE956G01038
REPCO IN Equity,INE612J01015
RMT IN Equity,INE703B01027
TLNGR IN Equity,INE133E01013
LOG IN Equity,INE059D01020
MBLINFRA IN Equity,INE912H01013
MUNI IN Equity,INE040D01038
JKCE IN Equity,INE823G01014
KPR IN Equity,INE930H01031
LGBB IN Equity,INE337A01034
ITCE IN Equity,INE686A01026
IFBI IN Equity,INE559A01017
GOLI IN Equity,INE635Q01029
KNRC IN Equity,INE634I01029
MRKS IN Equity,INE750C01026
PSL IN Equity,INE932A01024
VO IN Equity,INE410B01037
SVLS IN Equity,INE495B01038
NTCPH IN Equity,INE987B01026
VISP IN Equity,INE370E01029
CEAT IN Equity,INE482A01020
CFIN IN Equity,INE052I01032
FLFL IN Equity,INE452O01016
EVRIN IN Equity,INE128A01029
INXW IN Equity,INE066P01011
KRB IN Equity,INE001B01026
IMAGICAA IN Equity,INE172N01012
MEFO IN Equity,INE425A01011
ORCMNT IN Equity,INE876N01018
SITINET IN Equity,INE965H01011
VRLL IN Equity,INE366I01010
SRIK IN Equity,INE943C01027
SYML IN Equity,INE225D01027
PNCL IN Equity,INE195J01029
GAYP IN Equity,INE336H01023
SCHN IN Equity,INE839M01018
ASFI IN Equity,INE365D01021
AVNT IN Equity,INE871C01038
ABFRL IN Equity,INE647O01011
DAGRI IN Equity,INE435G01025
DBEL IN Equity,INE439L01019
MTLM IN Equity,INE461C01038
ICNT IN Equity,INE483B01026
JCHAC IN Equity,INE782A01015
IGM IN Equity,INE188B01013
NACO IN Equity,INE278M01019
BLIS IN Equity,INE416D01022
MANB IN Equity,INE122R01018
ANHPR IN Equity,INE435A01051
MDA IN Equity,INE842C01021
MGFL IN Equity,INE522D01027
ADANIENS IN Equity,INE931S01010
AEGISLOG IN Equity,INE208C01025
AHLU IN Equity,INE758C01029
GRAN IN Equity,INE101D01020
GUJGA IN Equity,INE844O01030
GWN IN Equity,INE536A01023
ARTD IN Equity,INE767A01016
INDA IN Equity,INE306R01017
INDR IN Equity,INE873D01024
KOEL IN Equity,INE146L01010
CLPL IN Equity,INE475E01026
CRS IN Equity,INE739E01017
JMT IN Equity,INE988E01036
GWOS IN Equity,INE446C01013
CCLP IN Equity,INE421D01022
CIEINDIA IN Equity,INE536H01010
HEIM IN Equity,INE578A01017
HMVL IN Equity,INE871K01015
RLXF IN Equity,INE131B01039
RMKF IN Equity,INE399G01023
PCJL IN Equity,INE785M01013
SOIL IN Equity,INE343H01029
SOMC IN Equity,INE355A01028
SRTY IN Equity,INE421C01016
SHCR IN Equity,INE221J01015
SINP IN Equity,INE764L01010
WONH IN Equity,INE066O01014
ZLL IN Equity,INE565L01011
TTMT/A IN Equity,IN9155A01020
TXMRE IN Equity,INE621L01012
SJVN IN Equity,INE002L01015
SLPA IN Equity,INE790G01031
SM IN Equity,INE294B01019
SNLL IN Equity,INE734N01019
STYRENIX IN Equity,INE189B01011
SECURKLO IN Equity,INE650K01021
TRIV IN Equity,INE152M01016
TRPC IN Equity,INE688A01022
TTLS IN Equity,INE517B01013
VEEDOL IN Equity,INE484C01030
VGRD IN Equity,INE951I01027
TMKN IN Equity,INE325A01013
SYNG IN Equity,INE398R01022
TAKE IN Equity,INE142I01023
SHKL IN Equity,INE500L01026
INFIBEAM IN Equity,INE483S01020
DLPL IN Equity,INE600L01024
EQUITAS IN Equity,INE988K01017
NARH IN Equity,INE410P01011
NFIL IN Equity,INE048G01026
INDIGO IN Equity,INE646L01027
CCD IN Equity,INE335K01011
IDFCFB IN Equity,INE092T01019
ALKEM IN Equity,INE540L01014
APAT IN Equity,INE702C01027
OSC IN Equity,INE290B01025
SEL IN Equity,INE399C01030
SEQ IN Equity,INE807F01027
SFCL IN Equity,INE935O01010
SBMS IN Equity,INE651A01020
CROMPTON IN Equity,INE299U01018
ADVENZY IN Equity,INE837H01020
UJJIVAN IN Equity,INE334L01012
RBK IN Equity,INE976G01028
ENDU IN Equity,INE913H01037
FRETAIL IN Equity,INE752P01024
IPRU IN Equity,INE726G01019
LTIM IN Equity,INE214T01019
LTTS IN Equity,INE010V01017
MAHGL IN Equity,INE002S01010
MAXI IN Equity,INE153U01017
DBL IN Equity,INE917M01012
QUESS IN Equity,INE615P01015
PARAG IN Equity,INE883N01014
THYROCAR IN Equity,INE594H01019
SCHI IN Equity,INE659A01023
SCTL IN Equity,INE510K01019
UNOMINDA IN Equity,INE405E01023
LAURUS IN Equity,INE947Q01028
PNBHOUSI IN Equity,INE572E01012
VBL IN Equity,INE200M01039
SFL IN Equity,INE916U01025
DMART IN Equity,INE192R01011
BSE IN Equity,INE118H01025
ITI IN Equity,INE248A01017
UNTDB IN Equity,INE695A01019
TIME IN Equity,INE508G01029
ITDC IN Equity,INE353K01014
HUDCO IN Equity,INE031A01017
JSHL IN Equity,INE455T01018
RUPA IN Equity,INE895B01021
AUBANK IN Equity,INE949L01017
STRCEM IN Equity,INE460H01021
HTSMF IN Equity,INE473B01035
COCHIN IN Equity,INE704P01025
ERIS IN Equity,INE406M01024
GICRE IN Equity,INE481Y01014
GOAGRO IN Equity,INE850D01014
IEX IN Equity,INE022Q01020
MASFIN IN Equity,INE348L01012
ABCAP IN Equity,INE674K01013
CDSL IN Equity,INE736A01011
DIXON IN Equity,INE935N01020
HSCH IN Equity,INE019C01026
ICICIGI IN Equity,INE765G01017
SECIS IN Equity,INE285J01028
SHANKARA IN Equity,INE274V01019
SINTEX IN Equity,INE501W01021
SBILIFE IN Equity,INE123W01016
DCAL IN Equity,INE385W01011
NSE IN Equity,INE317F01035
RELHOME IN Equity,INE217K01011
ASTERDM IN Equity,INE914M01019
KIOCL IN Equity,INE880L01014
TIINDIA IN Equity,INE974X01010
HNAL IN Equity,INE066F01020
MAHLOG IN Equity,INE766P01016
ISEC IN Equity,INE763G01038
EXCC IN Equity,INE223G01017
GALSURF IN Equity,INE600K01018
NAM IN Equity,INE298J01013
LUX IN Equity,INE150G01020
BANDHAN IN Equity,INE545U01014
HDFCLIFE IN Equity,INE795G01014
LEMONTRE IN Equity,INE970X01018
BDL IN Equity,INE171Z01026
NIACL IN Equity,INE470Y01017
PCBL IN Equity,INE602A01031
VMART IN Equity,INE665J01013
TEAM IN Equity,INE985S01024
ADANIGR IN Equity,INE364U01010
RITE IN Equity,INE320J01015
VARROC IN Equity,INE665L01035
CREDAG IN Equity,INE741K01010
AAVAS IN Equity,INE216P01012
BOMH IN Equity,INE457A01014
DN IN Equity,INE288B01029
FINEORG IN Equity,INE686Y01026
HDFCAMC IN Equity,INE127D01025
JKPAPER IN Equity,INE789E01012
JMNA IN Equity,INE039C01032
INDOSTAR IN Equity,INE896L01010
IRCON IN Equity,INE962Y01021
KEII IN Equity,INE878B01027
ORIENTEL IN Equity,INE142Z01019
TCNSBR IN Equity,INE778U01029
YAARI IN Equity,INE126M01010
TVSHLTD IN Equity,INE105A01035
CHALET IN Equity,INE427F01016
DALBHARA IN Equity,INE00R701025
BYRCS IN Equity,INE462A01022
BOOT IN Equity,INE358A01014
CGCL IN Equity,INE180C01042
AMBER IN Equity,INE371P01015
ARVINDFA IN Equity,INE955V01021
ATGL IN Equity,INE399L01023
GTFL IN Equity,INE276A01018
MCX IN Equity,INE745G01035
METROHL IN Equity,INE112L01020
KPITTECH IN Equity,INE04I401011
NEST IN Equity,INE239A01024
RVNL IN Equity,INE415G01027
RHIM IN Equity,INE743M01012
POLYCAB IN Equity,INE455K01017
TECHNOE IN Equity,INE285K01026
TCIEXP IN Equity,INE586V01016
AFFLE IN Equity,INE00WC01027
INMART IN Equity,INE933S01016
MIDHANI IN Equity,INE099Z01011
KNM IN Equity,INE717A01029
SJET IN Equity,INE285B01017
SPANDANA IN Equity,INE572J01011
TSTY IN Equity,INE488B01017
WESTLIFE IN Equity,INE274F01020
RESP IN Equity,INE688D01026
SWSOLAR IN Equity,INE00M201021
360ONE IN Equity,INE466L01038
AACL IN Equity,INE150B01039
IRCTC IN Equity,INE335Y01020
FLUOROCH IN Equity,INE09N301011
BRSN IN Equity,INE838B01013
CSBBANK IN Equity,INE679A01013
GMM IN Equity,INE541A01023
GRSE IN Equity,INE382Z01011
PLM IN Equity,INE205C01021
SUMICHEM IN Equity,INE258G01013
UJJIVANS IN Equity,INE551W01018
SBICARD IN Equity,INE018E01016
ICP IN Equity,INE485C01011
SUVENPHA IN Equity,INE03QK01018
POWERIND IN Equity,INE07Y701011
PPC IN Equity,INE633B01018
PSPPL IN Equity,INE488V01015
SOLARA IN Equity,INE624Z01016
CAMS IN Equity,INE596I01012
HEMIPROP IN Equity,INE0AJG01018
HAPPSTMN IN Equity,INE419U01012
ANGELONE IN Equity,INE732I01013
MAXHEALT IN Equity,INE027H01010
MAZDOCKS IN Equity,INE249Z01012
BLA IN Equity,INE050E01027
ROSSARI IN Equity,INE02A801020
ROUTE IN Equity,INE450U01017
PRINCPIP IN Equity,INE689W01016
TANLA IN Equity,INE483C01032
VORG IN Equity,INE565V01010
UTIAM IN Equity,INE094J01016
RBA IN Equity,INE07T201019
GLAND IN Equity,INE068V01023
ANURAS IN Equity,INE930P01018
LODHA IN Equity,INE670K01029
HOMEFIRS IN Equity,INE481N01025
HGSL IN Equity,INE170I01016
EQUITASB IN Equity,INE063P01018
FCT IN Equity,INE188A01015
INDIGOPN IN Equity,INE09VQ01012
IRFC IN Equity,INE053F01010
JUBLINGR IN Equity,INE0BY001018
KALYANKJ IN Equity,INE303R01014
LXCHEM IN Equity,INE576O01020
NAZARA IN Equity,INE418L01021
RAILTEL IN Equity,INE0DD101019
SONACOMS IN Equity,INE073K01018
APTUS IN Equity,INE852O01025
DEVYANI IN Equity,INE872J01023
BORORENE IN Equity,INE666D01022
BCG IN Equity,INE425B01027
EASEMYTR IN Equity,INE07O001026
CHEMPLAS IN Equity,INE488A01050
CLEAN IN Equity,INE227W01023
ABSLAMC IN Equity,INE404A01024
GLS IN Equity,INE03Q201024
HLEGLAS IN Equity,INE461D01028
MAPMYIND IN Equity,INE0BV301023
MEDPLUS IN Equity,INE804L01022
METROBRA IN Equity,INE317I01021
KIMS IN Equity,INE967H01025
GOCOLORS IN Equity,INE0BJS01011
GRINFRA IN Equity,INE201P01022
LATENTVI IN Equity,INE0I7C01011
NUVOCO IN Equity,INE118D01016
NYKAA IN Equity,INE388Y01029
PAYTM IN Equity,INE982J01020
POLICYBZ IN Equity,INE417T01026
PRIVISCL IN Equity,INE959A01019
RATI IN Equity,INE834M01019
SHYAMMET IN Equity,INE810G01011
SAPPHIRE IN Equity,INE806T01020
STARHEAL IN Equity,INE575P01011
VIJAYA IN Equity,INE043W01024
ZOMATO IN Equity,INE758T01015
MTARTECH IN Equity,INE864I01014
LICI IN Equity,INE0J1Y01017
CAMPUS IN Equity,INE278Y01022
DELHIVER IN Equity,INE148O01028
AWLTD IN Equity,INE699H01024
GREENP IN Equity,INE08ZM01014
AETHER IN Equity,INE0BWX01014
JBMA IN Equity,INE927D01044
MSUMI IN Equity,INE0FS801015
MANYAVAR IN Equity,INE825V01034
TEJASNET IN Equity,INE010J01012
OLECTRA IN Equity,INE260D01016
RAINBOW IN Equity,INE961O01016
PIRPHARM IN Equity,INE0DK501011
KFINTECH IN Equity,INE138Y01010
FIVESTAR IN Equity,INE128S01021
CRAFTSMA IN Equity,INE00LO01017
BIKAJI IN Equity,INE00E101023
BLSIN IN Equity,INE153T01027
ACI IN Equity,INE128X01021
DATAPATT IN Equity,INE0IX101010
EPIGRAL IN Equity,INE071N01016
MEDANTA IN Equity,INE474Q01031
JINW IN Equity,INE247D01039
RUSTOMJE IN Equity,INE263M01029
TMB IN Equity,INE668A01016
NSLNISP IN Equity,INE0NNS01018
MANKIND IN Equity,INE634S01028
JIOFIN IN Equity,INE758E01017
GODPI IN Equity,INE177H01039
KAYNES IN Equity,INE918Z01012
KKF IN Equity,INE884B01025
SII IN Equity,INE429E01023
SYRMA IN Equity,INE0DYJ01015
CONCORDB IN Equity,INE338H01029
ANANDRAT IN Equity,INE463V01026
ACCE IN Equity,INE731H01025
HAPPYFOR IN Equity,INE330T01021
HBPS IN Equity,INE292B01021
JWL IN Equity,INE209L01016
DOMS IN Equity,INE321T01012
LLOYDSME IN Equity,INE281B01032
ELCN IN Equity,INE205B01031
JSWINFRA IN Equity,INE880J01026
HONASA IN Equity,INE0J5401028
CELLO IN Equity,INE0LMW01024
NUVAMA IN Equity,INE531F01015
RRKABEL IN Equity,INE777K01022
SBFC IN Equity,INE423Y01016
TITAGARH IN Equity,INE615H01020
SIGNATUR IN Equity,INE903U01023
TVSSCS IN Equity,INE395N01027
TATATECH IN Equity,INE142M01025
RAYMONDL IN Equity,INE02ID01020
SANOFICO IN Equity,INE0UOS01011
INDGN IN Equity,INE065X01017
GODIGIT IN Equity,INE03JT01014
JYOTICNC IN Equity,INE980O01024
BHARTIHE IN Equity,INE343G01021
IREDA IN Equity,INE202E01016
INOXINDI IN Equity,INE616N01034
AADHARHF IN Equity,INE883F01010
NETWEB IN Equity,INE0NT901020
NEWGEN IN Equity,INE619B01017
PTCIL IN Equity,INE596F01018
TBOTEK IN Equity,INE673O01025
AKUMS IN Equity,INE09XN01023
EMCURE IN Equity,INE168P01015
