,isin,bbticker,script_name,start_date,end_date
0,INE499A01024,DCMS IN Equity,DCMSHRIRAM,1900-01-01,9999-12-31
1,INE500A01029,DCW IN Equity,DCW,1900-01-01,9999-12-31
2,INE137G01027,DECH IN Equity,DECH,1900-01-01,2024-08-01
3,INE501A01019,DFPC IN Equity,DEEPAKFERT,1900-01-01,9999-12-31
4,INE274G01010,DHANI IN Equity,DHANI,1900-01-01,9999-12-31
5,INE353G01020,DISH IN Equity,DISH,1900-01-01,2024-08-01
6,INE361B01024,DIVI IN Equity,DIVISLAB,1900-01-01,9999-12-31
7,INE271C01023,DLFU IN Equity,DLF,1900-01-01,9999-12-31
8,INE668D01028,DNI IN Equity,DONEAR,1900-01-01,9999-12-31
9,INE089A01023,DRRD IN Equity,DRREDDY,1900-01-01,9999-12-31
10,INE340A01012,BCORP IN Equity,BIRLACORPN,1900-01-01,9999-12-31
11,INE032A01023,BD IN Equity,BOMDYEING,1900-01-01,9999-12-31
12,INE233B01017,BDE IN Equity,BLUEDART,1900-01-01,9999-12-31
13,INE258A01016,BEML IN Equity,BEML,1900-01-01,9999-12-31
14,INE922A01025,BEPL IN Equity,BEPL,1900-01-01,9999-12-31
15,INE397D01024,BHARTI IN Equity,BHARTIARTL,1900-01-01,9999-12-31
16,INE263A01024,BHE IN Equity,BEL,1900-01-01,9999-12-31
17,INE257A01026,BHEL IN Equity,BHEL,1900-01-01,9999-12-31
18,INE465A01025,BHFC IN Equity,BHARATFORG,1900-01-01,9999-12-31
19,INE294A01037,BILT IN Equity,BILT,1900-01-01,2024-08-01
20,INE530B01024,IIFL IN Equity,IIFL,1900-01-01,9999-12-31
21,INE009A01021,INFO IN Equity,INFY,1900-01-01,9999-12-31
22,INE663F01024,INFOE IN Equity,NAUKRI,1900-01-01,9999-12-31
23,INE177A01018,INGR IN Equity,INGERRAND,1900-01-01,9999-12-31
24,INE312H01016,INOL IN Equity,INOL,1900-01-01,2024-08-01
25,INE565A01014,IOB IN Equity,IOB,1900-01-01,9999-12-31
26,INE242A01010,IOCL IN Equity,IOC,1900-01-01,9999-12-31
27,INE571A01038,IPCA IN Equity,IPCALAB,1900-01-01,9999-12-31
28,INE681B01017,IPMC IN Equity,INDRAMEDCO,1900-01-01,9999-12-31
29,INE821I01022,IRB IN Equity,IRB,1900-01-01,9999-12-31
30,INE364A01020,JTI IN Equity,JAYSREETEA,1900-01-01,9999-12-31
31,INE700A01033,JUBLPHAR IN Equity,JUBLPHARMA,1900-01-01,9999-12-31
32,INE197A01024,JYS IN Equity,JYOTISTRUC,1900-01-01,9999-12-31
33,INE350H01032,KASH IN Equity,BLKASHYAP,1900-01-01,9999-12-31
34,INE614B01018,KBL IN Equity,KTKBANK,1900-01-01,9999-12-31
35,INE805C01028,KCPL IN Equity,KCP,1900-01-01,9999-12-31
36,INE389H01022,KECI IN Equity,KEC,1900-01-01,9999-12-31
37,INE080B01012,KFL IN Equity,KOHINOOR,1900-01-01,9999-12-31
38,INE217B01036,KJC IN Equity,KAJARIACER,1900-01-01,9999-12-31
39,INE732A01036,KKB IN Equity,KIRLOSBROS,1900-01-01,9999-12-31
40,INE376G01013,BIOS IN Equity,BIOCON,1900-01-01,9999-12-31
41,INE917I01010,BJAUT IN Equity,BAJAJ-AUTO,1900-01-01,9999-12-31
42,INE918I01026,BJFIN IN Equity,BAJAJFINSV,1900-01-01,9999-12-31
43,INE306A01021,BJH IN Equity,BAJAJHIND,1900-01-01,9999-12-31
44,INE118A01012,BJHI IN Equity,BAJAJHLDNG,1900-01-01,9999-12-31
45,INE164A01016,BLCL IN Equity,BALMLAWRIE,1900-01-01,9999-12-31
46,INE794B01026,BLJT IN Equity,BALAJITELE,1900-01-01,9999-12-31
47,INE472A01039,BLSTR IN Equity,BLUESTARCO,1900-01-01,9999-12-31
48,INE459A01010,BNRI IN Equity,BANARISUG,1900-01-01,9999-12-31
49,INE028A01039,BOB IN Equity,BANKBARODA,1900-01-01,9999-12-31
50,INE910H01017,CAIR IN Equity,CAIR,1900-01-01,2024-08-01
51,INE477A01020,CANF IN Equity,CANFINHOME,1900-01-01,9999-12-31
52,INE068D01021,CAST IN Equity,CAST,1900-01-01,2024-08-01
53,INE476A01022,CBK IN Equity,CANBK,1900-01-01,9999-12-31
54,INE111A01025,CCRI IN Equity,CONCOR,1900-01-01,9999-12-31
55,INE025A01027,CDFH IN Equity,CONSOFINVT,1900-01-01,9999-12-31
56,INE485A01015,CENK IN Equity,CENTENKA,1900-01-01,9999-12-31
57,INE055A01016,CENT IN Equity,CENTURYTEX,1900-01-01,9999-12-31
58,INE486A01021,CESC IN Equity,CESC,1900-01-01,9999-12-31
59,INE067A01029,CGPOWER IN Equity,CGPOWER,1900-01-01,9999-12-31
60,INE011A01019,ESOIL IN Equity,ESOIL,1900-01-01,2024-08-01
61,INE282A01024,ESRS IN Equity,ESRS,1900-01-01,2024-08-01
62,INE295A01018,EVI IN Equity,EVERESTIND,1900-01-01,9999-12-31
63,INE302A01020,EXID IN Equity,EXIDEIND,1900-01-01,9999-12-31
64,INE171A01029,FB IN Equity,FEDERALBNK,1900-01-01,9999-12-31
65,INE258B01022,FDCLT IN Equity,FDC,1900-01-01,9999-12-31
66,INE623B01027,FEL IN Equity,FEL,1900-01-01,9999-12-31
67,INE575G01010,FKOL IN Equity,FKOL,1900-01-01,2024-08-01
68,INE492B01019,FLSG IN Equity,FLSG,1900-01-01,2024-08-01
69,INE529A01010,FMGI IN Equity,FMGOETZE,1900-01-01,9999-12-31
70,INE785C01048,LANCI IN Equity,LANCI,1900-01-01,2024-08-01
71,INE115A01026,LICHF IN Equity,LICHSGFIN,1900-01-01,9999-12-31
72,INE473A01011,LIIL IN Equity,LINDEINDIA,1900-01-01,9999-12-31
73,INE992B01026,LKEF IN Equity,LKEF,1900-01-01,2024-08-01
74,INE269B01029,LMW IN Equity,LAXMIMACH,1900-01-01,9999-12-31
75,INE326A01037,LPC IN Equity,LUPIN,1900-01-01,9999-12-31
76,INE018A01030,LT IN Equity,LT,1900-01-01,9999-12-31
77,INE694C01018,LVB IN Equity,LVB,1900-01-01,2024-08-01
78,INE759A01021,MAST IN Equity,MASTEK,1900-01-01,9999-12-31
79,INE180A01020,MAXF IN Equity,MFSL,1900-01-01,9999-12-31
80,INE079A01024,ACEM IN Equity,AMBUJACEM,1900-01-01,9999-12-31
81,INE423A01024,ADE IN Equity,ADANIENT,1900-01-01,9999-12-31
82,INE742F01042,ADSEZ IN Equity,ADANIPORTS,1900-01-01,9999-12-31
83,INE517H01028,ADV IN Equity,ADV,1900-01-01,2024-08-01
84,INE796A01023,AFTK IN Equity,AFTK,1900-01-01,2024-08-01
85,INE415A01038,AGIG IN Equity,AGI,1900-01-01,9999-12-31
86,INE418H01029,AGLL IN Equity,ALLCARGO,1900-01-01,9999-12-31
87,INE363A01022,AHOT IN Equity,ASIANHOTNR,1900-01-01,9999-12-31
88,INE439A01020,AISG IN Equity,ASAHIINDIA,1900-01-01,9999-12-31
89,INE031B01049,AJP IN Equity,AJANTPHARM,1900-01-01,9999-12-31
90,INE235A01022,FNXC IN Equity,FINCABLES,1900-01-01,9999-12-31
91,INE183A01024,FNXP IN Equity,FINPIPE,1900-01-01,9999-12-31
92,INE061F01013,FORH IN Equity,FORTIS,1900-01-01,9999-12-31
93,INE684F01012,FSOL IN Equity,FSL,1900-01-01,9999-12-31
94,INE036B01030,GAEX IN Equity,GAEL,1900-01-01,9999-12-31
95,INE129A01019,GAIL IN Equity,GAIL,1900-01-01,9999-12-31
96,INE186A01019,GALK IN Equity,GUJALKALI,1900-01-01,9999-12-31
97,INE102D01028,GCPL IN Equity,GODREJCP,1900-01-01,9999-12-31
98,INE852F01015,GDPL IN Equity,GDPL,1900-01-01,2024-08-01
99,INE233A01035,GDSP IN Equity,GODREJIND,1900-01-01,9999-12-31
100,INE975A01015,ELDP IN Equity,ELDP,1900-01-01,2024-08-01
101,INE285A01027,ELEQ IN Equity,ELGIEQUIP,1900-01-01,9999-12-31
102,INE086A01029,ELSC IN Equity,ELECTCAST,1900-01-01,9999-12-31
103,INE069I01010,EMBDL IN Equity,EMBDL,1900-01-01,9999-12-31
104,INE510A01028,ENGR IN Equity,ENGINERSIN,1900-01-01,9999-12-31
105,INE265F01028,ENIL IN Equity,ENIL,1900-01-01,9999-12-31
106,INE255A01020,EPLL IN Equity,EPL,1900-01-01,9999-12-31
107,INE039E01020,ERIE IN Equity,ERIE,1900-01-01,2024-08-01
108,INE284A01012,ESAB IN Equity,ESABINDIA,1900-01-01,9999-12-31
109,INE042A01014,ESCORTS IN Equity,ESCORTS,1900-01-01,9999-12-31
110,INE021A01026,APNT IN Equity,ASIANPAINT,1900-01-01,9999-12-31
111,INE266F01018,APTR IN Equity,APTECHT,1900-01-01,9999-12-31
112,INE438A01022,APTY IN Equity,APOLLOTYRE,1900-01-01,9999-12-31
113,INE406A01037,ARBP IN Equity,AUROPHARMA,1900-01-01,9999-12-31
114,INE242C01024,ARCP IN Equity,ANANTRAJ,1900-01-01,9999-12-31
115,INE885A01032,ARENM IN Equity,ARE&M,1900-01-01,9999-12-31
116,INE769A01020,ARTO IN Equity,AARTIIND,1900-01-01,9999-12-31
117,INE034A01011,ARVND IN Equity,ARVIND,1900-01-01,9999-12-31
118,INE441A01026,ASEL IN Equity,ASEL,1900-01-01,2024-08-01
119,INE715B01021,ASG IN Equity,ANDHRSUGAR,1900-01-01,9999-12-31
120,INE084A01016,BOI IN Equity,BANKINDIA,1900-01-01,9999-12-31
121,INE323A01026,BOS IN Equity,BOSCHLTD,1900-01-01,9999-12-31
122,INE029A01011,BPCL IN Equity,BPCL,1900-01-01,9999-12-31
123,INE110A01019,BPL IN Equity,BPL,1900-01-01,9999-12-31
124,INE119A01028,BRCM IN Equity,BALRAMCHIN,1900-01-01,9999-12-31
125,INE589G01011,BRFL IN Equity,BRFL,1900-01-01,2024-08-01
126,INE463A01038,BRGR IN Equity,BERGEPAINT,1900-01-01,9999-12-31
127,INE216A01030,BRIT IN Equity,BRITANNIA,1900-01-01,9999-12-31
128,INE836A01035,BSOFT IN Equity,BSOFT,1900-01-01,9999-12-31
129,INE688I01017,CAFL IN Equity,CAFL,1900-01-01,2024-08-01
130,INE366A01041,DSIL IN Equity,DWARKESH,1900-01-01,9999-12-31
131,INE891A01014,DSK IN Equity,DSK,1900-01-01,2024-08-01
132,INE041A01016,DSM IN Equity,DHAMPURSUG,1900-01-01,9999-12-31
133,INE221B01012,DYTC IN Equity,DYNAMATECH,1900-01-01,9999-12-31
134,INE532F01054,EDEL IN Equity,EDELWEISS,1900-01-01,9999-12-31
135,INE216H01027,EDSL IN Equity,EDSL,1900-01-01,2024-08-01
136,INE126A01031,EID IN Equity,EIDPARRY,1900-01-01,9999-12-31
137,INE230A01023,EIH IN Equity,EIHOTEL,1900-01-01,9999-12-31
138,INE066A01021,EIM IN Equity,EICHERMOT,1900-01-01,9999-12-31
139,INE184H01027,EKCL IN Equity,EKC,1900-01-01,9999-12-31
140,INE203A01020,ASTR IN Equity,ASTRAZEN,1900-01-01,9999-12-31
141,INE209A01019,ATFL IN Equity,ATFL,1900-01-01,9999-12-31
142,INE100A01010,ATLP IN Equity,ATUL,1900-01-01,9999-12-31
143,INE449A01011,ATXL IN Equity,AUTOAXLES,1900-01-01,9999-12-31
144,INE045A01017,AWL IN Equity,ADORWELD,1900-01-01,9999-12-31
145,INE238A01034,AXSB IN Equity,AXISBANK,1900-01-01,9999-12-31
146,INE296A01024,BAF IN Equity,BAJFINANCE,1900-01-01,9999-12-31
147,INE373A01013,BASF IN Equity,BASF,1900-01-01,9999-12-31
148,INE176A01028,BATA IN Equity,BATAINDIA,1900-01-01,9999-12-31
149,INE676A01027,BBOX IN Equity,BBOX,1900-01-01,9999-12-31
150,INE162A01010,GIP IN Equity,GIPCL,1900-01-01,9999-12-31
151,INE346H01014,GITG IN Equity,GITG,1900-01-01,2024-08-01
152,INE159A01016,GLXO IN Equity,GLAXO,1900-01-01,9999-12-31
153,INE131A01031,GMDC IN Equity,GMDCLTD,1900-01-01,9999-12-31
154,INE259B01020,GMON IN Equity,GMON,1900-01-01,2024-08-01
155,INE776C01039,GMRI IN Equity,GMRINFRA,1900-01-01,9999-12-31
156,INE110D01013,GNC IN Equity,GNC,1900-01-01,2024-08-01
157,INE113A01013,GNFC IN Equity,GNFC,1900-01-01,9999-12-31
158,INE935A01035,GNP IN Equity,GLENMARK,1900-01-01,9999-12-31
159,INE892H01017,GOFF IN Equity,GOFF,1900-01-01,2024-08-01
160,INE475B01022,HKCI IN Equity,HIKAL,1900-01-01,9999-12-31
161,INE102A01024,HLV IN Equity,HLVLTD,1900-01-01,9999-12-31
162,INE253A01025,HM IN Equity,HINDMOTORS,1900-01-01,9999-12-31
163,INE158A01026,HMCL IN Equity,HEROMOTOCO,1900-01-01,9999-12-31
164,INE548A01028,HMFC IN Equity,HFCL,1900-01-01,9999-12-31
165,INE262A01018,HMT IN Equity,HMT,1900-01-01,9999-12-31
166,INE038A01020,HNDL IN Equity,HINDALCO,1900-01-01,9999-12-31
167,INE345A01011,HOE IN Equity,HINDOILEXP,1900-01-01,9999-12-31
168,INE094A01015,HPCL IN Equity,HINDPETRO,1900-01-01,9999-12-31
169,INE544A01019,HRM IN Equity,HARRMALAYA,1900-01-01,9999-12-31
170,INE085A01013,CHMB IN Equity,CHAMBLFERT,1900-01-01,9999-12-31
171,INE149A01033,CHOLAHLD IN Equity,CHOLAHLDNG,1900-01-01,9999-12-31
172,INE121A01024,CIFC IN Equity,CHOLAFIN,1900-01-01,9999-12-31
173,INE059A01026,CIPLA IN Equity,CIPLA,1900-01-01,9999-12-31
174,INE198A01014,CIS IN Equity,CIS,1900-01-01,2024-08-01
175,INE259A01022,CLGT IN Equity,COLPAL,1900-01-01,9999-12-31
176,INE314A01017,CMC IN Equity,CMC,1900-01-01,2024-08-01
177,INE757A01017,COSMOFIR IN Equity,COSMOFIRST,1900-01-01,9999-12-31
178,INE348B01021,CPBI IN Equity,CENTURYPLY,1900-01-01,9999-12-31
179,INE169A01031,CRIN IN Equity,COROMANDEL,1900-01-01,9999-12-31
180,INE585B01010,MSIL IN Equity,MARUTI,1900-01-01,9999-12-31
181,INE018I01017,MTCL IN Equity,MTCL,1900-01-01,2024-08-01
182,INE153A01019,MTNL IN Equity,MTNL,1900-01-01,9999-12-31
183,INE850A01010,MUS IN Equity,MUS,1900-01-01,2024-08-01
184,INE139A01034,NACL IN Equity,NATIONALUM,1900-01-01,9999-12-31
185,INE725A01022,NAVA IN Equity,NAVA,1900-01-01,9999-12-31
186,INE155G01029,NDTV IN Equity,NDTV,1900-01-01,9999-12-31
187,INE045B01015,NELCO IN Equity,NELCO,1900-01-01,9999-12-31
188,INE060A01024,NELI IN Equity,NAVNETEDUL,1900-01-01,9999-12-31
189,INE580A01013,NFCL IN Equity,NFCL,1900-01-01,2024-08-01
190,INE488A01027,1909315D IN Equity,1909315D,1900-01-01,2024-08-01
191,INE130C01039,1958850D IN Equity,1958850D,1900-01-01,2024-08-01
192,INE968G01033,2271068D IN Equity,2271068D,1900-01-01,2024-08-01
193,INE470A01017,3M IN Equity,3MINDIA,1900-01-01,9999-12-31
194,INE111B01023,63MOONS IN Equity,63MOONS,1900-01-01,9999-12-31
195,INE421A01028,ABAN IN Equity,ABAN,1900-01-01,9999-12-31
196,INE117A01022,ABB IN Equity,ABB,1900-01-01,9999-12-31
197,INE067H01016,ABGS IN Equity,ABGS,1900-01-01,2024-08-01
198,INE069A01017,ABNL IN Equity,ABNL,1900-01-01,2024-08-01
199,INE012A01025,ACC IN Equity,ACC,1900-01-01,9999-12-31
200,INE797A01021,GEO IN Equity,GEO,1900-01-01,2024-08-01
201,INE007B01023,GEOFSL IN Equity,GEOJITFSL,1900-01-01,9999-12-31
202,INE878A01011,GEPIL IN Equity,GEPIL,1900-01-01,9999-12-31
203,INE017A01032,GESCO IN Equity,GESHIP,1900-01-01,9999-12-31
204,INE200A01026,GETD IN Equity,GET&D,1900-01-01,9999-12-31
205,INE887G01027,GEXP IN Equity,GOKEX,1900-01-01,9999-12-31
206,INE538A01037,GFLTD IN Equity,GFLLIMITED,1900-01-01,9999-12-31
207,INE374A01029,GGAS IN Equity,GGAS,1900-01-01,2024-08-01
208,INE539A01019,GHCL IN Equity,GHCL,1900-01-01,9999-12-31
209,INE322A01010,GILL IN Equity,GILLETTE,1900-01-01,9999-12-31
210,INE298A01020,KKC IN Equity,CUMMINSIND,1900-01-01,9999-12-31
211,INE250A01039,KKIL IN Equity,KIRLOSIND,1900-01-01,9999-12-31
212,INE237A01028,KMB IN Equity,KOTAKBANK,1900-01-01,9999-12-31
213,INE531A01024,KNPL IN Equity,KANSAINER,1900-01-01,9999-12-31
214,INE220B01022,KPIL IN Equity,KPIL,1900-01-01,9999-12-31
215,INE999A01023,KSB IN Equity,KSB,1900-01-01,9999-12-31
216,INE087A01019,KSI IN Equity,KESORAMIND,1900-01-01,9999-12-31
217,INE727D01022,KSO IN Equity,KSO,1900-01-01,2024-08-01
218,INE406I01014,KUTN IN Equity,KUTN,1900-01-01,2024-08-01
219,INE036D01028,KVB IN Equity,KARURVYSYA,1900-01-01,9999-12-31
220,INE800B01013,HSBI IN Equity,HSBI,1900-01-01,2024-08-01
221,INE049A01027,HSS IN Equity,HIMATSEIDE,1900-01-01,9999-12-31
222,INE978A01027,HTFL IN Equity,HERITGFOOD,1900-01-01,9999-12-31
223,INE501G01024,HTML IN Equity,HTMEDIA,1900-01-01,9999-12-31
224,INE703H01016,HUB IN Equity,HUBTOWN,1900-01-01,9999-12-31
225,INE275B01026,HUIN IN Equity,HUHTAMAKI,1900-01-01,9999-12-31
226,INE030A01027,HUVR IN Equity,HINDUNILVR,1900-01-01,9999-12-31
227,INE671A01010,HWA IN Equity,HONAUT,1900-01-01,9999-12-31
228,INE267A01025,HZ IN Equity,HINDZINC,1900-01-01,9999-12-31
229,INE894F01025,IBULL IN Equity,IBULL,1900-01-01,2024-08-01
230,INE774D01024,MMFS IN Equity,M&MFIN,1900-01-01,9999-12-31
231,INE338I01027,MOFS IN Equity,MOTILALOFS,1900-01-01,9999-12-31
232,INE775A01035,MOTHERSO IN Equity,MOTHERSON,1900-01-01,9999-12-31
233,INE356A01018,MPHL IN Equity,MPHASIS,1900-01-01,9999-12-31
234,INE196A01026,MRCO IN Equity,MARICO,1900-01-01,9999-12-31
235,INE883A01011,MRF IN Equity,MRF,1900-01-01,9999-12-31
236,INE178A01016,MRL IN Equity,CHENNPETRO,1900-01-01,9999-12-31
237,INE934B01028,MRLN IN Equity,MRLN,1900-01-01,2024-08-01
238,INE103A01014,MRPL IN Equity,MRPL,1900-01-01,9999-12-31
239,INE771A01026,MRZI IN Equity,MIRZAINT,1900-01-01,9999-12-31
240,INE260B01028,GP IN Equity,GODFRYPHLP,1900-01-01,9999-12-31
241,INE047A01021,GRASIM IN Equity,GRASIM,1900-01-01,9999-12-31
242,INE526A01016,GRDN IN Equity,GRDN,1900-01-01,2024-08-01
243,INE371A01025,GRIL IN Equity,GRAPHITE,1900-01-01,9999-12-31
244,INE224A01026,GRV IN Equity,GREAVESCOT,1900-01-01,9999-12-31
245,INE026A01025,GSFC IN Equity,GSFC,1900-01-01,9999-12-31
246,INE221H01019,GTLI IN Equity,GTLINFRA,1900-01-01,9999-12-31
247,INE043A01012,GTS IN Equity,GTL,1900-01-01,9999-12-31
248,INE246F01010,GUJS IN Equity,GSPL,1900-01-01,9999-12-31
249,INE251H01024,GVKP IN Equity,GVKPIL,1900-01-01,9999-12-31
250,INE175A01038,JI IN Equity,JISLJALEQS,1900-01-01,9999-12-31
251,INE168A01041,JKBK IN Equity,J&KBANK,1900-01-01,9999-12-31
252,INE780C01023,JM IN Equity,JMFINANCIL,1900-01-01,9999-12-31
253,INE455F01025,JPA IN Equity,JPA,1900-01-01,2024-08-01
254,INE324A01024,JSAW IN Equity,JINDALSAW,1900-01-01,9999-12-31
255,INE749A01030,JSP IN Equity,JINDALSTEL,1900-01-01,9999-12-31
256,INE019A01038,JSTL IN Equity,JSWSTEEL,1900-01-01,9999-12-31
257,INE136A01022,JSWI IN Equity,JSWI,1900-01-01,2024-08-01
258,INE743C01021,JSWISPL IN Equity,JSWISPL,1900-01-01,2024-08-01
259,INE643A01035,JTEKT IN Equity,JTEKTINDIA,1900-01-01,9999-12-31
260,INE523B01011,AKOP IN Equity,AKSHOPTFBR,1900-01-01,9999-12-31
261,INE133A01011,AKZO IN Equity,AKZOINDIA,1900-01-01,9999-12-31
262,INE208A01029,AL IN Equity,ASHOKLEY,1900-01-01,9999-12-31
263,INE426A01027,ALBC IN Equity,ALEMBICLTD,1900-01-01,9999-12-31
264,INE428A01015,ALBK IN Equity,ALBK,1900-01-01,2024-08-01
265,INE427A01017,ALFA IN Equity,ALFA,1900-01-01,2024-08-01
266,INE270A01029,ALOK IN Equity,ALOKINDS,1900-01-01,9999-12-31
267,INE434A01013,ANDB IN Equity,ANDB,1900-01-01,2024-08-01
268,INE437A01024,APHS IN Equity,APOLLOHOSP,1900-01-01,9999-12-31
269,INE436A01026,APIL IN Equity,ANSALAPI,1900-01-01,9999-12-31
270,INE739A01015,MBI IN Equity,MBI,1900-01-01,2024-08-01
271,INE274B01011,MCHM IN Equity,MCHM,1900-01-01,2024-08-01
272,INE942G01012,MCLR IN Equity,MCLEODRUSS,1900-01-01,9999-12-31
273,INE271B01025,MHS IN Equity,MAHSEAMLES,1900-01-01,9999-12-31
274,INE056A01014,MINK IN Equity,MINK,1900-01-01,2024-08-01
275,INE831A01028,MIRC IN Equity,MIRCELECTR,1900-01-01,9999-12-31
276,INE577A01027,MJS IN Equity,MUNJALSHOW,1900-01-01,9999-12-31
277,INE374B01019,MKTA IN Equity,MUKTAARTS,1900-01-01,9999-12-31
278,INE813A01018,MLIFE IN Equity,MAHLIFE,1900-01-01,9999-12-31
279,INE101A01026,MM IN Equity,M&M,1900-01-01,9999-12-31
280,INE007A01025,CRISIL IN Equity,CRISIL,1900-01-01,9999-12-31
281,INE112A01023,CRPBK IN Equity,CRPBK,1900-01-01,2024-08-01
282,INE172A01027,CSTRL IN Equity,CASTROLIND,1900-01-01,9999-12-31
283,INE120A01034,CU IN Equity,CARBORUNIV,1900-01-01,9999-12-31
284,INE491A01021,CUBK IN Equity,CUB,1900-01-01,9999-12-31
285,INE136B01020,CYL IN Equity,CYIENT,1900-01-01,9999-12-31
286,INE016A01026,DABUR IN Equity,DABUR,1900-01-01,9999-12-31
287,INE077A01010,DBNK IN Equity,DBNK,1900-01-01,2024-08-01
288,INE495A01022,DCB IN Equity,DALMIASUG,1900-01-01,9999-12-31
289,INE506A01018,DCIL IN Equity,DREDGECORP,1900-01-01,9999-12-31
290,INE383A01012,ICEM IN Equity,INDIACEM,1900-01-01,9999-12-31
291,INE090A01021,ICICIBC IN Equity,ICICIBANK,1900-01-01,9999-12-31
292,INE008A01015,IDBI IN Equity,IDBI,1900-01-01,9999-12-31
293,INE669E01016,IDEA IN Equity,IDEA,1900-01-01,9999-12-31
294,INE043D01016,IDFC IN Equity,IDFC,1900-01-01,9999-12-31
295,INE039A01010,IFCI IN Equity,IFCI,1900-01-01,9999-12-31
296,INE203G01027,IGL IN Equity,IGL,1900-01-01,9999-12-31
297,INE560A01015,IGLY IN Equity,INDIAGLYCO,1900-01-01,9999-12-31
298,INE053A01029,IH IN Equity,INDHOTEL,1900-01-01,9999-12-31
299,INE095A01012,IIB IN Equity,INDUSINDBK,1900-01-01,9999-12-31
300,INE156A01020,IRS IN Equity,INDORAMA,1900-01-01,9999-12-31
301,INE915B01019,ISL IN Equity,INDSWFTLAB,1900-01-01,9999-12-31
302,INE154A01025,ITC IN Equity,ITC,1900-01-01,9999-12-31
303,INE875A01025,IVRC IN Equity,IVRC,1900-01-01,2024-08-01
304,INE199G01027,JAGP IN Equity,JAGRAN,1900-01-01,9999-12-31
305,INE572A01036,JBCP IN Equity,JBCHEPHARM,1900-01-01,9999-12-31
306,INE197D01010,JDPF IN Equity,JINDALPOLY,1900-01-01,9999-12-31
307,INE220G01021,JDSL IN Equity,JSL,1900-01-01,9999-12-31
308,INE802G01018,JETIN IN Equity,JETAIRWAYS,1900-01-01,9999-12-31
309,INE070D01027,JFI IN Equity,JAICORPLTD,1900-01-01,9999-12-31
310,INE176B01034,HAVL IN Equity,HAVELLS,1900-01-01,9999-12-31
311,INE549A01026,HCC IN Equity,HCC,1900-01-01,9999-12-31
312,INE236A01020,HCLI IN Equity,HCL-INSYS,1900-01-01,9999-12-31
313,INE860A01027,HCLT IN Equity,HCLTECH,1900-01-01,9999-12-31
314,INE001A01036,HDFC IN Equity,HDFC,1900-01-01,2024-08-01
315,INE040A01034,HDFCB IN Equity,HDFCBANK,1900-01-01,9999-12-31
316,INE191I01012,HDIL IN Equity,HDIL,1900-01-01,9999-12-31
317,INE545A01016,HEG IN Equity,HEG,1900-01-01,9999-12-31
318,INE492A01029,HEUBACHI IN Equity,HEUBACHIND,1900-01-01,9999-12-31
319,INE093A01033,HEXW IN Equity,HEXW,1900-01-01,2024-08-01
320,INE010B01027,ZYDUSLIF IN Equity,ZYDUSLIFE,1900-01-01,9999-12-31
321,INE870D01012,NFL IN Equity,NFL,1900-01-01,9999-12-31
322,INE161A01038,NIIT IN Equity,NIITLTD,1900-01-01,9999-12-31
323,INE310A01015,NILK IN Equity,NILKAMAL,1900-01-01,9999-12-31
324,INE091A01029,NIRMA IN Equity,NIRMA,1900-01-01,2024-08-01
325,INE868B01028,NJCC IN Equity,NCC,1900-01-01,9999-12-31
326,INE589A01014,NLC IN Equity,NLCINDIA,1900-01-01,9999-12-31
327,INE584A01023,NMDC IN Equity,NMDC,1900-01-01,9999-12-31
328,INE747B01016,NML IN Equity,NEXTMEDIA,1900-01-01,9999-12-31
329,INE349A01021,NRBBR IN Equity,NRBBEARING,1900-01-01,9999-12-31
330,INE781B01015,NTB IN Equity,NOIDATOLL,1900-01-01,9999-12-31
331,INE474B01017,PSLL IN Equity,PSLL,1900-01-01,2024-08-01
332,INE877F01012,PTCIN IN Equity,PTC,1900-01-01,9999-12-31
333,INE701B01021,PUNJ IN Equity,PUNJ,1900-01-01,2024-08-01
334,INE323I01011,PURVA IN Equity,PURVA,1900-01-01,9999-12-31
335,INE362A01016,PVPV IN Equity,PVP,1900-01-01,9999-12-31
336,INE752E01010,PWGR IN Equity,POWERGRID,1900-01-01,9999-12-31
337,INE209B01025,RAI IN Equity,RICOAUTO,1900-01-01,9999-12-31
338,INE613A01020,RALI IN Equity,RALLIS,1900-01-01,9999-12-31
339,INE614A01028,RAMCO IN Equity,RAMCOIND,1900-01-01,9999-12-31
340,INE015A01028,RBXY IN Equity,RBXY,1900-01-01,2024-08-01
341,INE669C01036,TECHM IN Equity,TECHM,1900-01-01,9999-12-31
342,INE670A01012,TELX IN Equity,TATAELXSI,1900-01-01,9999-12-31
343,INE305A01015,TFCI IN Equity,TFCILTD,1900-01-01,9999-12-31
344,INE672A01018,TICL IN Equity,TATAINVEST,1900-01-01,9999-12-31
345,INE889A01026,TLEI IN Equity,TLEI,1900-01-01,2024-08-01
346,INE056C01010,TML IN Equity,TML,1900-01-01,2024-08-01
347,INE152A01029,TMX IN Equity,THERMAX,1900-01-01,9999-12-31
348,INE107A01015,TNNP IN Equity,TNPL,1900-01-01,9999-12-31
349,INE148A01019,TNPP IN Equity,TNPETRO,1900-01-01,9999-12-31
350,INE813H01021,TPW IN Equity,TORNTPOWER,1900-01-01,9999-12-31
351,INE498B01024,SHOP IN Equity,SHOPERSTOP,1900-01-01,9999-12-31
352,INE087H01022,SHRS IN Equity,RENUKA,1900-01-01,9999-12-31
353,INE195A01028,SI IN Equity,SUPREMEIND,1900-01-01,9999-12-31
354,INE683A01023,SIB IN Equity,SOUTHBANK,1900-01-01,9999-12-31
355,INE003A01024,SIEM IN Equity,SIEMENS,1900-01-01,9999-12-31
356,INE059B01024,SINF IN Equity,SIMPLEXINF,1900-01-01,9999-12-31
357,INE429C01035,SINT IN Equity,SINT,1900-01-01,2024-08-01
358,INE633A01028,SJC IN Equity,SJC,1900-01-01,2024-08-01
359,INE264A01014,SKB IN Equity,SKB,1900-01-01,2024-08-01
360,INE640A01023,SKF IN Equity,SKFINDIA,1900-01-01,9999-12-31
361,INE046A01015,RIIL IN Equity,RIIL,1900-01-01,9999-12-31
362,INE343B01030,RJEX IN Equity,RAJESHEXPO,1900-01-01,9999-12-31
363,INE293A01013,RLTA IN Equity,ROLTA,1900-01-01,9999-12-31
364,INE246B01019,RMCS IN Equity,RAMCOSYS,1900-01-01,9999-12-31
365,INE540B01015,RMW IN Equity,RMW,1900-01-01,2024-08-01
366,INE328H01012,RNR IN Equity,RNR,1900-01-01,2024-08-01
367,INE614G01033,RPWR IN Equity,RPOWER,1900-01-01,9999-12-31
368,INE301A01014,RW IN Equity,RAYMOND,1900-01-01,9999-12-31
369,INE114A01011,SAIL IN Equity,SAIL,1900-01-01,9999-12-31
370,INE058A01010,SANL IN Equity,SANOFI,1900-01-01,9999-12-31
371,INE245A01021,TPWR IN Equity,TATAPOWER,1900-01-01,9999-12-31
372,INE331A01037,TRCL IN Equity,RAMCOCEM,1900-01-01,9999-12-31
373,INE256C01024,TRE IN Equity,TRIVENI,1900-01-01,9999-12-31
374,INE849A01020,TRENT IN Equity,TRENT,1900-01-01,9999-12-31
375,INE064C01022,TRID IN Equity,TRIDENT,1900-01-01,9999-12-31
376,INE685A01028,TRP IN Equity,TORNTPHARM,1900-01-01,9999-12-31
377,INE280A01028,TTAN IN Equity,TITAN,1900-01-01,9999-12-31
378,INE092A01019,TTCH IN Equity,TATACHEM,1900-01-01,9999-12-31
379,INE155A01022,TTMT IN Equity,TATAMOTORS,1900-01-01,9999-12-31
380,INE122H01027,TTSL IN Equity,TTSL,1900-01-01,2024-08-01
381,INE628A01036,UPLL IN Equity,UPL,1900-01-01,9999-12-31
382,INE228A01035,USM IN Equity,USHAMART,1900-01-01,9999-12-31
383,INE694A01020,UT IN Equity,UNITECH,1900-01-01,9999-12-31
384,INE481G01011,UTCEM IN Equity,ULTRACEMCO,1900-01-01,9999-12-31
385,INE699A01011,UTTM IN Equity,UTTM,1900-01-01,2024-08-01
386,INE507B01022,UTV IN Equity,UTV,1900-01-01,2024-08-01
387,INE703A01011,VCLF IN Equity,VCLF,1900-01-01,2024-08-01
388,INE205A01025,VEDL IN Equity,VEDL,1900-01-01,9999-12-31
389,INE386A01015,VI IN Equity,VESUVIUS,1900-01-01,9999-12-31
390,INE054A01027,VIP IN Equity,VIPIND,1900-01-01,9999-12-31
391,INE317A01028,SAPH IN Equity,SAPH,1900-01-01,2024-08-01
392,INE979A01025,SARE IN Equity,SAREGAMA,1900-01-01,9999-12-31
393,INE062A01020,SBIN IN Equity,SBIN,1900-01-01,9999-12-31
394,INE513A01022,SCHFL IN Equity,SCHAEFFLER,1900-01-01,9999-12-31
395,INE109A01011,SCI IN Equity,SCI,1900-01-01,9999-12-31
396,INE497B01018,SEAM IN Equity,SEAMECLTD,1900-01-01,9999-12-31
397,INE387A01021,SF IN Equity,SUNDRMFAST,1900-01-01,9999-12-31
398,INE631A01022,SG IN Equity,SHANTIGEAR,1900-01-01,9999-12-31
399,INE178C01020,SHDSL IN Equity,SMARTLINK,1900-01-01,9999-12-31
400,INE721A01013,SHFL IN Equity,SHRIRAMFIN,1900-01-01,9999-12-31
401,INE013A01015,RCAPT IN Equity,RCAPT,1900-01-01,2024-08-01
402,INE027A01015,RCF IN Equity,RCF,1900-01-01,9999-12-31
403,INE330H01018,RCOM IN Equity,RCOM,1900-01-01,9999-12-31
404,INE944F01028,RDCK IN Equity,RADICO,1900-01-01,9999-12-31
405,INE020B01018,RECL IN Equity,RECLTD,1900-01-01,9999-12-31
406,INE891D01026,REDI IN Equity,REDINGTON,1900-01-01,9999-12-31
407,INE385B01031,REIA IN Equity,REIA,1900-01-01,2024-08-01
408,INE621H01010,RELG IN Equity,RELIGARE,1900-01-01,9999-12-31
409,INE036A01016,RELI IN Equity,RELINFRA,1900-01-01,9999-12-31
410,INE002A01018,RELIANCE IN Equity,RELIANCE,1900-01-01,9999-12-31
411,INE561H01026,PARSV IN Equity,PARSVNATH,1900-01-01,9999-12-31
412,INE619A01035,PATANJAL IN Equity,PATANJALI,1900-01-01,9999-12-31
413,INE660F01012,PATNI IN Equity,PATNI,1900-01-01,2024-08-01
414,INE244B01030,PEC IN Equity,PATELENG,1900-01-01,9999-12-31
415,INE182A01018,PFIZ IN Equity,PFIZER,1900-01-01,9999-12-31
416,INE179A01014,PG IN Equity,PGHH,1900-01-01,9999-12-31
417,INE199A01012,PGHL IN Equity,PGHL,1900-01-01,9999-12-31
418,INE940H01022,PGIL IN Equity,PGIL,1900-01-01,9999-12-31
419,INE859A01011,PGLT IN Equity,PNBGILTS,1900-01-01,9999-12-31
420,INE211B01039,PHNX IN Equity,PHOENIXLTD,1900-01-01,9999-12-31
421,INE318A01026,PIDI IN Equity,PIDILITIND,1900-01-01,9999-12-31
422,INE140A01024,PIEL IN Equity,PEL,1900-01-01,9999-12-31
423,INE347G01014,PLNG IN Equity,PETRONET,1900-01-01,9999-12-31
424,INE160A01022,PNB IN Equity,PNB,1900-01-01,9999-12-31
425,INE922B01023,PNCB IN Equity,PANACEABIO,1900-01-01,9999-12-31
426,INE763A01023,POL IN Equity,POL,1900-01-01,2024-08-01
427,INE134E01011,POWF IN Equity,PFC,1900-01-01,9999-12-31
428,INE605A01026,PRIC IN Equity,PRIC,1900-01-01,2024-08-01
429,INE074A01025,PRJ IN Equity,PRAJIND,1900-01-01,9999-12-31
430,INE010A01011,PRSMJ IN Equity,PRSMJOHNSN,1900-01-01,9999-12-31
431,INE733E01010,NTPC IN Equity,NTPC,1900-01-01,9999-12-31
432,INE800H01010,OAXE IN Equity,OMAXE,1900-01-01,9999-12-31
433,INE141A01014,OBC IN Equity,OBC,1900-01-01,2024-08-01
434,INE881D01027,OFSS IN Equity,OFSS,1900-01-01,9999-12-31
435,INE090B01011,OMAX IN Equity,OMAXAUTO,1900-01-01,9999-12-31
436,INE213A01029,ONGC IN Equity,ONGC,1900-01-01,9999-12-31
437,INE592A01026,OPI IN Equity,ORIENTPPR,1900-01-01,9999-12-31
438,INE191A01027,ORCP IN Equity,ORCHPHARMA,1900-01-01,9999-12-31
439,INE143A01010,OSWALGRE IN Equity,OSWALGREEN,1900-01-01,9999-12-31
440,INE750A01020,OTH IN Equity,ORIENTHOT,1900-01-01,9999-12-31
441,INE772A01016,SKNL IN Equity,SKNL,1900-01-01,2024-08-01
442,INE324C01038,SLT IN Equity,SLT,1900-01-01,2024-08-01
443,INE667A01018,SNDB IN Equity,SNDB,1900-01-01,2024-08-01
444,INE671H01015,SOBHA IN Equity,SOBHA,1900-01-01,9999-12-31
445,INE089C01029,SOTL IN Equity,STLTECH,1900-01-01,9999-12-31
446,INE202C01010,SPPM IN Equity,SPPM,1900-01-01,2024-08-01
447,INE663A01033,SPPT IN Equity,SPLPETRO,1900-01-01,9999-12-31
448,INE070A01015,SRCM IN Equity,SHREECEM,1900-01-01,9999-12-31
449,INE872A01014,SREI IN Equity,SREI,1900-01-01,2024-08-01
450,INE647A01010,SRF IN Equity,SRF,1900-01-01,9999-12-31
451,INE886H01027,TV18 IN Equity,TV18BRDCST,1900-01-01,9999-12-31
452,INE494B01023,TVSL IN Equity,TVSMOTOR,1900-01-01,9999-12-31
453,INE038F01029,TVTN IN Equity,TVTODAY,1900-01-01,9999-12-31
454,INE686F01025,UBBL IN Equity,UBL,1900-01-01,9999-12-31
455,INE691A01018,UCO IN Equity,UCOBANK,1900-01-01,9999-12-31
456,INE516A01017,UFLX IN Equity,UFLEX,1900-01-01,9999-12-31
457,INE466H01028,UIP IN Equity,UIP,1900-01-01,2024-08-01
458,INE351A01035,UL IN Equity,UNICHEMLAB,1900-01-01,9999-12-31
459,INE692A01016,UNBK IN Equity,UNIONBANK,1900-01-01,9999-12-31
460,INE854D01024,UNITDSPR IN Equity,UNITDSPR,1900-01-01,9999-12-31
461,INE049B01025,WPL IN Equity,WOCKPHARMA,1900-01-01,9999-12-31
462,INE075A01022,WPRO IN Equity,WIPRO,1900-01-01,9999-12-31
463,INE378A01012,WYH IN Equity,WYH,1900-01-01,2024-08-01
464,INE528G01035,YES IN Equity,YESBANK,1900-01-01,9999-12-31
465,INE256A01028,Z IN Equity,ZEEL,1900-01-01,9999-12-31
466,INE206B01013,ZDC IN Equity,ZODIACLOTH,1900-01-01,9999-12-31
467,INE966H01019,ZEEN IN Equity,ZEEMEDIA,1900-01-01,9999-12-31
468,INE520A01027,ZENT IN Equity,ZENSARTECH,1900-01-01,9999-12-31
469,INE719A01017,ZNDU IN Equity,ZNDU,1900-01-01,2024-08-01
470,INE217A01012,ZUARIIND IN Equity,ZUARIIND,1900-01-01,9999-12-31
471,INE269A01021,SSOF IN Equity,SONATSOFTW,1900-01-01,9999-12-31
472,INE655A01013,STC IN Equity,STCINDIA,1900-01-01,9999-12-31
473,INE268A01049,STLT IN Equity,STLT,1900-01-01,2024-08-01
474,INE939A01011,STR IN Equity,STAR,1900-01-01,9999-12-31
475,INE623A01011,STSG IN Equity,SAKHTISUG,1900-01-01,9999-12-31
476,INE040H01021,SUEL IN Equity,SUZLON,1900-01-01,9999-12-31
477,INE660A01013,SUF IN Equity,SUNDARMFIN,1900-01-01,9999-12-31
478,INE044A01036,SUNP IN Equity,SUNPHARMA,1900-01-01,9999-12-31
479,INE424H01027,SUNTV IN Equity,SUNTV,1900-01-01,9999-12-31
480,INE277A01016,SWE IN Equity,SWARAJENG,1900-01-01,9999-12-31
481,INE705A01016,VJYBK IN Equity,VJYBK,1900-01-01,2024-08-01
482,INE226A01021,VOLT IN Equity,VOLTAS,1900-01-01,9999-12-31
483,INE945H01013,VREL IN Equity,V2RETAIL,1900-01-01,9999-12-31
484,INE702A01013,VRNS IN Equity,VRNS,1900-01-01,2024-08-01
485,INE710A01016,VST IN Equity,VSTIND,1900-01-01,9999-12-31
486,INE825A01020,VTEX IN Equity,VTL,1900-01-01,9999-12-31
487,INE166A01011,VYSB IN Equity,VYSB,1900-01-01,2024-08-01
488,INE976A01021,WCPM IN Equity,WSTCSTPAPR,1900-01-01,9999-12-31
489,INE398A01010,WH IN Equity,VENKEYS,1900-01-01,9999-12-31
490,INE191B01025,WLCO IN Equity,WELCORP,1900-01-01,9999-12-31
491,INE335A01020,SYR IN Equity,SURYAROSNI,1900-01-01,9999-12-31
492,INE586B01026,TAJG IN Equity,TAJGVK,1900-01-01,9999-12-31
493,INE081A01020,TATA IN Equity,TATASTEEL,1900-01-01,9999-12-31
494,INE192A01025,TATACONS IN Equity,TATACONSUM,1900-01-01,9999-12-31
495,INE674A01014,TATASLPL IN Equity,TATASLPL,1900-01-01,2024-08-01
496,INE824B01021,TATASTL IN Equity,TATASTL,1900-01-01,2024-08-01
497,INE332A01027,TC IN Equity,THOMASCOOK,1900-01-01,9999-12-31
498,INE493A01027,TCO IN Equity,TCO,1900-01-01,2024-08-01
499,INE151A01013,TCOM IN Equity,TATACOMM,1900-01-01,9999-12-31
500,INE467B01029,TCS IN Equity,TCS,1900-01-01,9999-12-31
501,INE748C01038,III IN Equity,3IINFOLTD,1900-01-01,9999-12-31
502,INE138A01028,PENL IN Equity,PENINLAND,1900-01-01,9999-12-31
503,INE791I01019,BRGD IN Equity,BRIGADE,1900-01-01,9999-12-31
504,INE814H01011,ADANI IN Equity,ADANIPOWER,1900-01-01,9999-12-31
505,INE042H01019,BINC IN Equity,BINC,1900-01-01,2024-08-01
506,INE213C01025,BNCO IN Equity,BANCOINDIA,1900-01-01,9999-12-31
507,INE299C01024,KARG IN Equity,KARG,1900-01-01,2024-08-01
508,INE181G01025,AJRINFRA IN Equity,AJRINFRA,1900-01-01,2024-08-01
509,INE274J01014,OINL IN Equity,OIL,1900-01-01,9999-12-31
510,INE848E01016,NHPC IN Equity,NHPC,1900-01-01,9999-12-31
511,INE824G01012,SWH IN Equity,JSWHL,1900-01-01,9999-12-31
512,INE121E01018,JSW IN Equity,JSWENERGY,1900-01-01,9999-12-31
513,INE422C01014,TPC IN Equity,TPC,1900-01-01,2024-08-01
514,INE879I01012,DBREALTY IN Equity,DBREALTY,1900-01-01,9999-12-31
515,INE797F01020,JUBI IN Equity,JUBLFOOD,1900-01-01,9999-12-31
516,INE099J01015,JPIN IN Equity,JPIN,1900-01-01,2024-08-01
517,INE351F01018,JPVL IN Equity,JPPOWER,1900-01-01,9999-12-31
518,INE805D01034,SRIN IN Equity,SUNTECK,1900-01-01,9999-12-31
519,INE982F01036,HATH IN Equity,HATHWAY,1900-01-01,9999-12-31
520,INE538H01024,SACV IN Equity,SACV,1900-01-01,2024-08-01
521,INE102I01027,ALDS IN Equity,ADSL,1900-01-01,9999-12-31
522,INE573A01042,JKI IN Equity,JKTYRE,1900-01-01,9999-12-31
523,INE008I01026,COXK IN Equity,COXK,1900-01-01,2024-08-01
524,INE990B01012,KRI IN Equity,KRI,1900-01-01,2024-08-01
525,INE124G01033,DELTA IN Equity,DELTACORP,1900-01-01,9999-12-31
526,INE661I01014,BGRL IN Equity,BGRENERGY,1900-01-01,9999-12-31
527,INE548C01032,HMN IN Equity,EMAMILTD,1900-01-01,9999-12-31
528,INE484J01027,GPL IN Equity,GODREJPROP,1900-01-01,9999-12-31
529,INE247G01024,CETL IN Equity,CETL,1900-01-01,2024-08-01
530,INE193E01025,BJE IN Equity,BAJAJELEC,1900-01-01,9999-12-31
531,INE768C01010,ZYWL IN Equity,ZYDUSWELL,1900-01-01,9999-12-31
532,INE725E01024,OMDC IN Equity,ORISSAMINE,1900-01-01,9999-12-31
533,INE808B01016,OPTC IN Equity,OPTC,1900-01-01,2024-08-01
534,INE628H01015,ORB IN Equity,ORB,1900-01-01,2024-08-01
535,INE542F01012,RNAVAL IN Equity,RNAVAL,1900-01-01,2024-08-01
536,INE226H01026,SADE IN Equity,SADBHAV,1900-01-01,9999-12-31
537,INE522F01014,COAL IN Equity,COALINDIA,1900-01-01,9999-12-31
538,INE093I01010,OBER IN Equity,OBEROIRLTY,1900-01-01,9999-12-31
539,INE267I01010,ARSS IN Equity,ARSSINFRA,1900-01-01,9999-12-31
540,INE369I01014,IECC IN Equity,IL&FSENGG,1900-01-01,9999-12-31
541,INE811K01011,PEPL IN Equity,PRESTIGE,1900-01-01,9999-12-31
542,INE836F01026,DITV IN Equity,DISHTV,1900-01-01,9999-12-31
543,INE483A01010,CBOI IN Equity,CENTRALBK,1900-01-01,9999-12-31
544,INE143H01015,KSK IN Equity,KSK,1900-01-01,2024-08-01
545,INE562A01011,INBK IN Equity,INDIANB,1900-01-01,9999-12-31
546,INE243D01012,BFUT IN Equity,BFUTILITIE,1900-01-01,9999-12-31
547,INE180K01011,BHAFIN IN Equity,BHAFIN,1900-01-01,2024-08-01
548,INE680A01011,DHLBK IN Equity,DHANBANK,1900-01-01,9999-12-31
549,INE738I01010,ECLX IN Equity,ECLERX,1900-01-01,9999-12-31
550,INE503A01015,DCBB IN Equity,DCBBANK,1900-01-01,9999-12-31
551,INE202B01012,DEWH IN Equity,DEWH,1900-01-01,2024-08-01
552,INE212H01026,AIAE IN Equity,AIAENG,1900-01-01,9999-12-31
553,INE517F01014,GPPV IN Equity,GPPL,1900-01-01,9999-12-31
554,INE870H01013,NETM IN Equity,NETWORK18,1900-01-01,9999-12-31
555,INE333I01036,NEUTL IN Equity,NEUTL,1900-01-01,2024-08-01
556,INE262H01021,PSYS IN Equity,PERSISTENT,1900-01-01,9999-12-31
557,INE761H01022,PAG IN Equity,PAGEIND,1900-01-01,9999-12-31
558,INE399K01017,RTPOW IN Equity,RTNPOWER,1900-01-01,9999-12-31
559,INE648A01026,SBBJ IN Equity,SBBJ,1900-01-01,2024-08-01
560,INE654A01024,SBTR IN Equity,SBTR,1900-01-01,2024-08-01
561,INE220J01025,FCON IN Equity,FCON,1900-01-01,2024-08-01
562,INE744I01034,MVLL IN Equity,MVLL,1900-01-01,2024-08-01
563,INE091G01018,JBIL IN Equity,JAIBALAJI,1900-01-01,9999-12-31
564,INE498L01015,LTF IN Equity,LTF,1900-01-01,9999-12-31
565,INE416L01017,EROS IN Equity,EROSMEDIA,1900-01-01,9999-12-31
566,INE968D01022,ARSL IN Equity,ARSHIYA,1900-01-01,9999-12-31
567,INE306B01029,AURFI IN Equity,AURFI,1900-01-01,2024-08-01
568,INE576I01022,JKIL IN Equity,JKIL,1900-01-01,9999-12-31
569,INE775B01025,KWALITY IN Equity,KWALITY,1900-01-01,2024-08-01
570,INE597L01014,LLL IN Equity,LOVABLE,1900-01-01,9999-12-31
571,INE725G01011,ICRA IN Equity,ICRA,1900-01-01,9999-12-31
572,INE414G01012,MUTH IN Equity,MUTHOOTFIN,1900-01-01,9999-12-31
573,INE419M01027,TDPS IN Equity,TDPOWERSYS,1900-01-01,9999-12-31
574,INE286K01024,TEEC IN Equity,TEEC,1900-01-01,2024-08-01
575,INE040M01013,THEAL IN Equity,TREEHOUSE,1900-01-01,9999-12-31
576,INE874I01013,RMKY IN Equity,RAMKY,1900-01-01,9999-12-31
577,INE696A01025,UB IN Equity,UB,1900-01-01,2024-08-01
578,INE603A01013,PKI IN Equity,PRAKASH,1900-01-01,9999-12-31
579,INE420C01059,PAISALO IN Equity,PAISALO,1900-01-01,9999-12-31
580,INE949H01023,MINF IN Equity,MANINFRA,1900-01-01,9999-12-31
581,INE549I01011,2299371D IN Equity,2299371D,1900-01-01,2024-08-01
582,INE152B01027,ACLGATI IN Equity,ACLGATI,1900-01-01,9999-12-31
583,INE060J01017,FLEXI IN Equity,FLEXITUFF,1900-01-01,9999-12-31
584,INE087J01028,GBGLOBAL IN Equity,GBGLOBAL,1900-01-01,2024-08-01
585,INE050A01025,BBTC IN Equity,BBTC,1900-01-01,9999-12-31
586,INE558B01017,MCF IN Equity,MANGCHEFER,1900-01-01,9999-12-31
587,INE718H01014,AUTOL IN Equity,AUTOIND,1900-01-01,9999-12-31
588,INE187A01017,JBF IN Equity,JBF,1900-01-01,2024-08-01
589,INE787D01026,BIL IN Equity,BALKRISIND,1900-01-01,9999-12-31
590,INE851B01016,SLCL IN Equity,SLCL,1900-01-01,2024-08-01
591,INE550H01011,SPII IN Equity,SUPREMEINF,1900-01-01,9999-12-31
592,INE367G01038,PRIF IN Equity,PFOCUS,1900-01-01,9999-12-31
593,INE690A01028,TTKPT IN Equity,TTKPRESTIG,1900-01-01,9999-12-31
594,INE051B01021,VKI IN Equity,VAKRANGEE,1900-01-01,9999-12-31
595,INE722A01011,SCUF IN Equity,SCUF,1900-01-01,2024-08-01
596,INE490G01020,MOIL IN Equity,MOIL,1900-01-01,9999-12-31
597,INE975G01012,ILFT IN Equity,IL&FSTRANS,1900-01-01,9999-12-31
598,INE919H01018,IMFA IN Equity,IMFA,1900-01-01,9999-12-31
599,INE591G01017,COFORGE IN Equity,COFORGE,1900-01-01,9999-12-31
600,INE232I01014,SPADV IN Equity,SPARC,1900-01-01,9999-12-31
601,INE192B01031,WELSPUNL IN Equity,WELSPUNLIV,1900-01-01,9999-12-31
602,INE191H01014,PVRINOX IN Equity,PVRINOX,1900-01-01,9999-12-31
603,INE912L01015,OCAP IN Equity,ONELIFECAP,1900-01-01,9999-12-31
604,INE665A01038,SWAN IN Equity,SWANENERGY,1900-01-01,9999-12-31
605,INE760L01018,TBZL IN Equity,TBZ,1900-01-01,9999-12-31
606,INE371D01029,GEOD IN Equity,GEOD,1900-01-01,2024-08-01
607,INE524A01029,GABR IN Equity,GABRIEL,1900-01-01,9999-12-31
608,INE580B01029,GRHF IN Equity,GRHF,1900-01-01,2024-08-01
609,INE531E01026,HCP IN Equity,HINDCOPPER,1900-01-01,9999-12-31
610,INE928K01013,DDLL IN Equity,DDLL,1900-01-01,2024-08-01
611,INE947J01015,DEN IN Equity,DEN,1900-01-01,9999-12-31
612,INE950I01011,DBCL IN Equity,DBCORP,1900-01-01,9999-12-31
613,INE121J01017,INDUSTOW IN Equity,INDUSTOWER,1900-01-01,9999-12-31
614,INE144J01027,20ML IN Equity,20MICRONS,1900-01-01,9999-12-31
615,INE486J01014,ICSL IN Equity,ICSL,1900-01-01,2024-08-01
616,INE825H01017,EDA IN Equity,EDA,1900-01-01,2024-08-01
617,INE094I01018,KPDL IN Equity,KOLTEPATIL,1900-01-01,9999-12-31
618,INE455I01029,KSCL IN Equity,KSCL,1900-01-01,9999-12-31
619,INE993A01026,MAN IN Equity,MANINDS,1900-01-01,9999-12-31
620,INE998I01010,MHRL IN Equity,MHRIL,1900-01-01,9999-12-31
621,INE288A01013,MHSC IN Equity,MAHSCOOTER,1900-01-01,9999-12-31
622,INE123F01029,MMTC IN Equity,MMTC,1900-01-01,9999-12-31
623,INE472M01018,MTEL IN Equity,MTEDUCARE,1900-01-01,9999-12-31
624,INE401H01017,KEKC IN Equity,KKCL,1900-01-01,9999-12-31
625,INE077A01010,DBNK/F IN Equity,DBNK/F,1900-01-01,2024-08-01
626,INE786A01032,JKLC IN Equity,JKLAKSHMI,1900-01-01,9999-12-31
627,INE763A01023,POL/F IN Equity,POL/F,1900-01-01,2024-08-01
628,INE511C01022,POONAWAL IN Equity,POONAWALLA,1900-01-01,9999-12-31
629,INE342J01019,ZCVCS IN Equity,ZFCVINDIA,1900-01-01,9999-12-31
630,INE716A01013,WHIRL IN Equity,WHIRLPOOL,1900-01-01,9999-12-31
631,INE904G01038,RPRO IN Equity,RPRO,1900-01-01,2024-08-01
632,INE952H01027,RAJT IN Equity,RAJTV,1900-01-01,9999-12-31
633,INE668F01031,JYL IN Equity,JYOTHYLAB,1900-01-01,9999-12-31
634,INE599M01018,JUST IN Equity,JUSTDIAL,1900-01-01,9999-12-31
635,INE095N01031,NBCC IN Equity,NBCC,1900-01-01,9999-12-31
636,INE752H01013,CARE IN Equity,CARERATING,1900-01-01,9999-12-31
637,INE933K01021,BAJAJCON IN Equity,BAJAJCON,1900-01-01,9999-12-31
638,INE603J01030,PI IN Equity,PIIND,1900-01-01,9999-12-31
639,INE148I01020,SAMMAANC IN Equity,SAMMAANCAP,1900-01-01,9999-12-31
640,INE884A01027,VGM IN Equity,VAIBHAVGBL,1900-01-01,9999-12-31
641,INE560K01014,PTCIF IN Equity,PFS,1900-01-01,9999-12-31
642,INE855B01025,RINDL IN Equity,RAIN,1900-01-01,9999-12-31
643,INE442H01029,ASBL IN Equity,ASHOKA,1900-01-01,9999-12-31
644,INE006I01046,ASTRA IN Equity,ASTRAL,1900-01-01,9999-12-31
645,INE901L01018,ALPM IN Equity,APLLTD,1900-01-01,9999-12-31
646,INE372A01015,APR IN Equity,APARINDS,1900-01-01,9999-12-31
647,INE489H01020,NFPI IN Equity,NFPI,1900-01-01,2024-08-01
648,INE602G01020,KTG IN Equity,KITEX,1900-01-01,9999-12-31
649,INE163A01018,NOCIL IN Equity,NOCIL,1900-01-01,9999-12-31
650,INE612J01015,REPCO IN Equity,REPCOHOME,1900-01-01,9999-12-31
651,INE703B01027,RMT IN Equity,RATNAMANI,1900-01-01,9999-12-31
652,INE956G01038,VATW IN Equity,WABAG,1900-01-01,9999-12-31
653,INE715A01015,WHL IN Equity,WHEELS,1900-01-01,9999-12-31
654,INE133E01013,TLNGR IN Equity,TI,1900-01-01,9999-12-31
655,INE059D01020,LOG IN Equity,LAOPALA,1900-01-01,9999-12-31
656,INE912H01013,MBLINFRA IN Equity,MBLINFRA,1900-01-01,9999-12-31
657,INE635Q01029,GOLI IN Equity,GULFOILLUB,1900-01-01,9999-12-31
658,INE559A01017,IFBI IN Equity,IFBIND,1900-01-01,9999-12-31
659,INE686A01026,ITCE IN Equity,ITDCEM,1900-01-01,9999-12-31
660,INE634I01029,KNRC IN Equity,KNRCON,1900-01-01,9999-12-31
661,INE930H01031,KPR IN Equity,KPRMILL,1900-01-01,9999-12-31
662,INE337A01034,LGBB IN Equity,LGBBROSLTD,1900-01-01,9999-12-31
663,INE823G01014,JKCE IN Equity,JKCEMENT,1900-01-01,9999-12-31
664,INE040D01038,MUNI IN Equity,MAYURUNIQ,1900-01-01,9999-12-31
665,INE750C01026,MRKS IN Equity,MARKSANS,1900-01-01,9999-12-31
666,INE495B01038,SVLS IN Equity,SUVEN,1900-01-01,9999-12-31
667,INE932A01024,PSL IN Equity,PENIND,1900-01-01,9999-12-31
668,INE410B01037,VO IN Equity,VINATIORGA,1900-01-01,9999-12-31
669,INE987B01026,NTCPH IN Equity,NATCOPHARM,1900-01-01,9999-12-31
670,INE370E01029,VISP IN Equity,VIVIDHA,1900-01-01,9999-12-31
671,INE482A01020,CEAT IN Equity,CEATLTD,1900-01-01,9999-12-31
672,INE452O01016,FLFL IN Equity,FLFL,1900-01-01,9999-12-31
673,INE425A01011,MEFO IN Equity,MEFO,1900-01-01,2024-08-01
674,INE052I01032,CFIN IN Equity,CAMLINFINE,1900-01-01,9999-12-31
675,INE172N01012,IMAGICAA IN Equity,IMAGICAA,1900-01-01,9999-12-31
676,INE128A01029,EVRIN IN Equity,EVEREADY,1900-01-01,9999-12-31
677,INE066P01011,INXW IN Equity,INOXWIND,1900-01-01,9999-12-31
678,INE001B01026,KRB IN Equity,KRBL,1900-01-01,9999-12-31
679,INE876N01018,ORCMNT IN Equity,ORIENTCEM,1900-01-01,9999-12-31
680,INE965H01011,SITINET IN Equity,SITINET,1900-01-01,9999-12-31
681,INE225D01027,SYML IN Equity,SYMPHONY,1900-01-01,9999-12-31
682,INE943C01027,SRIK IN Equity,SRIK,1900-01-01,2024-08-01
683,INE366I01010,VRLL IN Equity,VRLLOG,1900-01-01,9999-12-31
684,INE195J01029,PNCL IN Equity,PNCINFRA,1900-01-01,9999-12-31
685,INE336H01023,GAYP IN Equity,GAYP,1900-01-01,2024-08-01
686,INE839M01018,SCHN IN Equity,SCHNEIDER,1900-01-01,9999-12-31
687,INE988E01036,JMT IN Equity,JMT,1900-01-01,2024-08-01
688,INE871C01038,AVNT IN Equity,AVANTIFEED,1900-01-01,9999-12-31
689,INE446C01013,GWOS IN Equity,GWOS,1900-01-01,2024-08-01
690,INE101D01020,GRAN IN Equity,GRANULES,1900-01-01,9999-12-31
691,INE844O01030,GUJGA IN Equity,GUJGASLTD,1900-01-01,9999-12-31
692,INE536A01023,GWN IN Equity,GRINDWELL,1900-01-01,9999-12-31
693,INE188B01013,IGM IN Equity,IGARASHI,1900-01-01,9999-12-31
694,INE461C01038,MTLM IN Equity,GREENPLY,1900-01-01,9999-12-31
695,INE782A01015,JCHAC IN Equity,JCHAC,1900-01-01,9999-12-31
696,INE578A01017,HEIM IN Equity,HEIDELBERG,1900-01-01,9999-12-31
697,INE871K01015,HMVL IN Equity,HMVL,1900-01-01,9999-12-31
698,INE306R01017,INDA IN Equity,INTELLECT,1900-01-01,9999-12-31
699,INE873D01024,INDR IN Equity,INDOCO,1900-01-01,9999-12-31
700,INE122R01018,MANB IN Equity,MANB,1900-01-01,2024-08-01
701,INE842C01021,MDA IN Equity,MINDACORP,1900-01-01,9999-12-31
702,INE522D01027,MGFL IN Equity,MANAPPURAM,1900-01-01,9999-12-31
703,INE483B01026,ICNT IN Equity,ICIL,1900-01-01,9999-12-31
704,INE278M01019,NACO IN Equity,NAVKARCORP,1900-01-01,9999-12-31
705,INE435G01025,DAGRI IN Equity,DHANUKA,1900-01-01,9999-12-31
706,INE439L01019,DBEL IN Equity,DBEL,1900-01-01,2024-08-01
707,INE767A01016,ARTD IN Equity,AARTIDRUGS,1900-01-01,9999-12-31
708,INE365D01021,ASFI IN Equity,ASHIANA,1900-01-01,9999-12-31
709,INE146L01010,KOEL IN Equity,KIRLOSENG,1900-01-01,9999-12-31
710,INE647O01011,ABFRL IN Equity,ABFRL,1900-01-01,9999-12-31
711,INE475E01026,CLPL IN Equity,CAPLIPOINT,1900-01-01,9999-12-31
712,INE739E01017,CRS IN Equity,CERA,1900-01-01,9999-12-31
713,INE416D01022,BLIS IN Equity,BLISSGVS,1900-01-01,9999-12-31
714,INE421D01022,CCLP IN Equity,CCL,1900-01-01,9999-12-31
715,INE536H01010,CIEINDIA IN Equity,CIEINDIA,1900-01-01,9999-12-31
716,INE435A01028,ANHPR IN Equity,ANDHRAPAP,1900-01-01,9999-12-31
717,INE931S01010,ADANIENS IN Equity,ADANIENSOL,1900-01-01,9999-12-31
718,INE208C01025,AEGISLOG IN Equity,AEGISLOG,1900-01-01,9999-12-31
719,INE758C01029,AHLU IN Equity,AHLUCONT,1900-01-01,9999-12-31
720,INE785M01013,PCJL IN Equity,PCJEWELLER,1900-01-01,9999-12-31
721,INE398R01022,SYNG IN Equity,SYNGENE,1900-01-01,9999-12-31
722,INE142I01023,TAKE IN Equity,TAKE,1900-01-01,9999-12-31
723,INE152M01016,TRIV IN Equity,TRITURBINE,1900-01-01,9999-12-31
724,INE688A01022,TRPC IN Equity,TCI,1900-01-01,9999-12-31
725,INE517B01013,TTLS IN Equity,TTML,1900-01-01,9999-12-31
726,INE131B01039,RLXF IN Equity,RELAXO,1900-01-01,9999-12-31
727,INE399G01023,RMKF IN Equity,RKFORGE,1900-01-01,9999-12-31
728,INE343H01029,SOIL IN Equity,SOLARINDS,1900-01-01,9999-12-31
729,INE355A01028,SOMC IN Equity,SOMANYCERA,1900-01-01,9999-12-31
730,INE421C01016,SRTY IN Equity,TVSSRICHAK,1900-01-01,9999-12-31
731,INE951I01027,VGRD IN Equity,VGUARD,1900-01-01,9999-12-31
732,IN9155A01020,TTMT/A IN Equity,TATAMTRDVR,1900-01-01,9999-12-31
733,INE484C01030,TWO IN Equity,TIDEWATER,1900-01-01,9999-12-31
734,INE621L01012,TXMRE IN Equity,TEXRAIL,1900-01-01,9999-12-31
735,INE066O01014,WONH IN Equity,WONDERLA,1900-01-01,9999-12-31
736,INE565L01011,ZLL IN Equity,ZEELEARN,1900-01-01,9999-12-31
737,INE650K01021,SECURKLO IN Equity,SECURKLOUD,1900-01-01,9999-12-31
738,INE325A01013,TMKN IN Equity,TIMKEN,1900-01-01,9999-12-31
739,INE221J01015,SHCR IN Equity,SHARDACROP,1900-01-01,9999-12-31
740,INE764L01010,SINP IN Equity,SADBHIN,1900-01-01,9999-12-31
741,INE189B01011,STYRENIX IN Equity,STYRENIX,1900-01-01,9999-12-31
742,INE002L01015,SJVN IN Equity,SJVN,1900-01-01,9999-12-31
743,INE790G01031,SLPA IN Equity,SHILPAMED,1900-01-01,9999-12-31
744,INE294B01019,SM IN Equity,SMLISUZU,1900-01-01,9999-12-31
745,INE734N01019,SNLL IN Equity,SNOWMAN,1900-01-01,9999-12-31
746,INE500L01026,SHKL IN Equity,SHK,1900-01-01,9999-12-31
747,INE483S01020,INFIBEAM IN Equity,INFIBEAM,1900-01-01,9999-12-31
748,INE988K01017,EQUITAS IN Equity,EQUITAS,1900-01-01,2024-08-01
749,INE335K01011,CCD IN Equity,COFFEEDAY,1900-01-01,9999-12-31
750,INE646L01027,INDIGO IN Equity,INDIGO,1900-01-01,9999-12-31
751,INE410P01011,NARH IN Equity,NH,1900-01-01,9999-12-31
752,INE048G01026,NFIL IN Equity,NAVINFLUOR,1900-01-01,9999-12-31
753,INE600L01024,DLPL IN Equity,LALPATHLAB,1900-01-01,9999-12-31
754,INE092T01019,IDFCFB IN Equity,IDFCFIRSTB,1900-01-01,9999-12-31
755,INE540L01014,ALKEM IN Equity,ALKEM,1900-01-01,9999-12-31
756,INE702C01027,APAT IN Equity,APLAPOLLO,1900-01-01,9999-12-31
757,INE651A01020,SBMS IN Equity,SBMS,1900-01-01,2024-08-01
758,INE290B01025,OSC IN Equity,OSC,1900-01-01,2024-08-01
759,INE399C01030,SEL IN Equity,SUPRAJIT,1900-01-01,9999-12-31
760,INE807F01027,SEQ IN Equity,SEQUENT,1900-01-01,9999-12-31
761,INE935O01010,SFCL IN Equity,SFCL,1900-01-01,2024-08-01
762,INE299U01018,CROMPTON IN Equity,CROMPTON,1900-01-01,9999-12-31
763,INE837H01020,ADVENZY IN Equity,ADVENZYMES,1900-01-01,9999-12-31
764,INE976G01028,RBK IN Equity,RBLBANK,1900-01-01,9999-12-31
765,INE334L01012,UJJIVAN IN Equity,UJJIVAN,1900-01-01,2024-08-01
766,INE917M01012,DBL IN Equity,DBL,1900-01-01,9999-12-31
767,INE214T01019,LTIM IN Equity,LTIM,1900-01-01,9999-12-31
768,INE010V01017,LTTS IN Equity,LTTS,1900-01-01,9999-12-31
769,INE002S01010,MAHGL IN Equity,MGL,1900-01-01,9999-12-31
770,INE153U01017,MAXI IN Equity,MAXI,1900-01-01,2024-08-01
771,INE726G01019,IPRU IN Equity,ICICIPRULI,1900-01-01,9999-12-31
772,INE913H01037,ENDU IN Equity,ENDURANCE,1900-01-01,9999-12-31
773,INE752P01024,FRETAIL IN Equity,FRETAIL,1900-01-01,2024-08-01
774,INE615P01015,QUESS IN Equity,QUESS,1900-01-01,9999-12-31
775,INE594H01019,THYROCAR IN Equity,THYROCARE,1900-01-01,9999-12-31
776,INE510K01019,SCTL IN Equity,SCTL,1900-01-01,2024-08-01
777,INE405E01023,UNOMINDA IN Equity,UNOMINDA,1900-01-01,9999-12-31
778,INE883N01014,PARAG IN Equity,PARAGMILK,1900-01-01,9999-12-31
779,INE659A01023,SCHI IN Equity,SUDARSCHEM,1900-01-01,9999-12-31
780,INE947Q01028,LAURUS IN Equity,LAURUSLABS,1900-01-01,9999-12-31
781,INE572E01012,PNBHOUSI IN Equity,PNBHOUSING,1900-01-01,9999-12-31
782,INE200M01021,VBL IN Equity,VBL,1900-01-01,9999-12-31
783,INE916U01025,SFL IN Equity,SFL,1900-01-01,9999-12-31
784,INE192R01011,DMART IN Equity,DMART,1900-01-01,9999-12-31
785,INE118H01025,BSE IN Equity,BSE,1900-01-01,9999-12-31
786,INE248A01017,ITI IN Equity,ITI,1900-01-01,9999-12-31
787,INE508G01029,TIME IN Equity,TIMETECHNO,1900-01-01,9999-12-31
788,INE695A01019,UNTDB IN Equity,UNTDB,1900-01-01,2024-08-01
789,INE031A01017,HUDCO IN Equity,HUDCO,1900-01-01,9999-12-31
790,INE455T01018,JSHL IN Equity,JSHL,1900-01-01,2024-08-01
791,INE353K01014,ITDC IN Equity,ITDC,1900-01-01,9999-12-31
792,INE895B01021,RUPA IN Equity,RUPA,1900-01-01,9999-12-31
793,INE949L01017,AUBANK IN Equity,AUBANK,1900-01-01,9999-12-31
794,INE460H01021,STRCEM IN Equity,STARCEMENT,1900-01-01,9999-12-31
795,INE704P01025,COCHIN IN Equity,COCHINSHIP,1900-01-01,9999-12-31
796,INE473B01035,HTSMF IN Equity,HATSUN,1900-01-01,9999-12-31
797,INE406M01024,ERIS IN Equity,ERIS,1900-01-01,9999-12-31
798,INE736A01011,CDSL IN Equity,CDSL,1900-01-01,9999-12-31
799,INE123W01016,SBILIFE IN Equity,SBILIFE,1900-01-01,9999-12-31
800,INE481Y01014,GICRE IN Equity,GICRE,1900-01-01,9999-12-31
801,INE850D01014,GOAGRO IN Equity,GODREJAGRO,1900-01-01,9999-12-31
802,INE285J01028,SECIS IN Equity,SIS,1900-01-01,9999-12-31
803,INE274V01019,SHANKARA IN Equity,SHANKARA,1900-01-01,9999-12-31
804,INE501W01021,SINTEX IN Equity,SINTEX,1900-01-01,2024-08-01
805,INE022Q01020,IEX IN Equity,IEX,1900-01-01,9999-12-31
806,INE674K01013,ABCAP IN Equity,ABCAPITAL,1900-01-01,9999-12-31
807,INE019C01026,HSCH IN Equity,HSCL,1900-01-01,9999-12-31
808,INE765G01017,ICICIGI IN Equity,ICICIGI,1900-01-01,9999-12-31
809,INE935N01020,DIXON IN Equity,DIXON,1900-01-01,9999-12-31
810,INE348L01012,MASFIN IN Equity,MASFIN,1900-01-01,9999-12-31
811,INE385W01011,DCAL IN Equity,DCAL,1900-01-01,9999-12-31
812,INE217K01011,RELHOME IN Equity,RHFL,1900-01-01,9999-12-31
813,INE317F01035,NSE IN Equity,NESCO,1900-01-01,9999-12-31
814,INE914M01019,ASTERDM IN Equity,ASTERDM,1900-01-01,9999-12-31
815,INE880L01014,KIOCL IN Equity,KIOCL,1900-01-01,9999-12-31
816,INE974X01010,TIINDIA IN Equity,TIINDIA,1900-01-01,9999-12-31
817,INE795G01014,HDFCLIFE IN Equity,HDFCLIFE,1900-01-01,9999-12-31
818,INE970X01018,LEMONTRE IN Equity,LEMONTREE,1900-01-01,9999-12-31
819,INE066F01020,HNAL IN Equity,HAL,1900-01-01,9999-12-31
820,INE298J01013,NAM IN Equity,NAM-INDIA,1900-01-01,9999-12-31
821,INE763G01038,ISEC IN Equity,ISEC,1900-01-01,9999-12-31
822,INE150G01020,LUX IN Equity,LUXIND,1900-01-01,9999-12-31
823,INE223G01017,EXCC IN Equity,EXCC,1900-01-01,2024-08-01
824,INE545U01014,BANDHAN IN Equity,BANDHANBNK,1900-01-01,9999-12-31
825,INE171Z01026,BDL IN Equity,BDL,1900-01-01,9999-12-31
826,INE600K01018,GALSURF IN Equity,GALAXYSURF,1900-01-01,9999-12-31
827,INE766P01016,MAHLOG IN Equity,MAHLOG,1900-01-01,9999-12-31
828,INE470Y01017,NIACL IN Equity,NIACL,1900-01-01,9999-12-31
829,INE985S01024,TEAM IN Equity,TEAMLEASE,1900-01-01,9999-12-31
830,INE665J01013,VMART IN Equity,VMART,1900-01-01,9999-12-31
831,INE602A01031,PCBL IN Equity,PCBL,1900-01-01,9999-12-31
832,INE364U01010,ADANIGR IN Equity,ADANIGREEN,1900-01-01,9999-12-31
833,INE320J01015,RITE IN Equity,RITES,1900-01-01,9999-12-31
834,INE665L01035,VARROC IN Equity,VARROC,1900-01-01,9999-12-31
835,INE741K01010,CREDAG IN Equity,CREDITACC,1900-01-01,9999-12-31
836,INE127D01025,HDFCAMC IN Equity,HDFCAMC,1900-01-01,9999-12-31
837,INE686Y01026,FINEORG IN Equity,FINEORG,1900-01-01,9999-12-31
838,INE896L01010,INDOSTAR IN Equity,INDOSTAR,1900-01-01,9999-12-31
839,INE878B01027,KEII IN Equity,KEI,1900-01-01,9999-12-31
840,INE962Y01021,IRCON IN Equity,IRCON,1900-01-01,9999-12-31
841,INE457A01014,BOMH IN Equity,MAHABANK,1900-01-01,9999-12-31
842,INE789E01012,JKPAPER IN Equity,JKPAPER,1900-01-01,9999-12-31
843,INE039C01032,JMNA IN Equity,JAMNAAUTO,1900-01-01,9999-12-31
844,INE216P01012,AAVAS IN Equity,AAVAS,1900-01-01,9999-12-31
845,INE288B01029,DN IN Equity,DEEPAKNTR,1900-01-01,9999-12-31
846,INE126M01010,YAARI IN Equity,YAARI,1900-01-01,9999-12-31
847,INE778U01029,TCNSBR IN Equity,TCNSBRANDS,1900-01-01,9999-12-31
848,INE142Z01019,ORIENTEL IN Equity,ORIENTELEC,1900-01-01,9999-12-31
849,INE105A01035,TVSHLTD IN Equity,TVSHLTD,1900-01-01,9999-12-31
850,INE427F01016,CHALET IN Equity,CHALET,1900-01-01,9999-12-31
851,INE00R701025,DALBHARA IN Equity,DALBHARAT,1900-01-01,9999-12-31
852,INE462A01022,BYRCS IN Equity,BAYERCROP,1900-01-01,9999-12-31
853,INE371P01015,AMBER IN Equity,AMBER,1900-01-01,9999-12-31
854,INE955V01021,ARVINDFA IN Equity,ARVINDFASN,1900-01-01,9999-12-31
855,INE745G01035,MCX IN Equity,MCX,1900-01-01,9999-12-31
856,INE112L01020,METROHL IN Equity,METROPOLIS,1900-01-01,9999-12-31
857,INE276A01018,GTFL IN Equity,GARFIBRES,1900-01-01,9999-12-31
858,INE180C01042,CGCL IN Equity,CGCL,1900-01-01,9999-12-31
859,INE358A01014,BOOT IN Equity,ABBOTINDIA,1900-01-01,9999-12-31
860,INE04I401011,KPITTECH IN Equity,KPITTECH,1900-01-01,9999-12-31
861,INE399L01023,ATGL IN Equity,ATGL,1900-01-01,9999-12-31
862,INE743M01012,RHIM IN Equity,RHIM,1900-01-01,9999-12-31
863,INE239A01024,NEST IN Equity,NESTLEIND,1900-01-01,9999-12-31
864,INE415G01027,RVNL IN Equity,RVNL,1900-01-01,9999-12-31
865,INE455K01017,POLYCAB IN Equity,POLYCAB,1900-01-01,9999-12-31
866,INE285K01026,TECHNOE IN Equity,TECHNOE,1900-01-01,9999-12-31
867,INE586V01016,TCIEXP IN Equity,TCIEXP,1900-01-01,9999-12-31
868,INE933S01016,INMART IN Equity,INDIAMART,1900-01-01,9999-12-31
869,INE099Z01011,MIDHANI IN Equity,MIDHANI,1900-01-01,9999-12-31
870,INE717A01029,KNM IN Equity,KNM,1900-01-01,2024-08-01
871,INE00WC01027,AFFLE IN Equity,AFFLE,1900-01-01,9999-12-31
872,INE572J01011,SPANDANA IN Equity,SPANDANA,1900-01-01,9999-12-31
873,INE688D01026,RESP IN Equity,RESPONIND,1900-01-01,9999-12-31
874,INE274F01020,WESTLIFE IN Equity,WESTLIFE,1900-01-01,9999-12-31
875,INE488B01017,TSTY IN Equity,TASTYBITE,1900-01-01,9999-12-31
876,INE285B01017,SJET IN Equity,SJET,1900-01-01,2024-08-01
877,INE00M201021,SWSOLAR IN Equity,SWSOLAR,1900-01-01,9999-12-31
878,INE838B01013,BRSN IN Equity,BHARATRAS,1900-01-01,9999-12-31
879,INE382Z01011,GRSE IN Equity,GRSE,1900-01-01,9999-12-31
880,INE335Y01020,IRCTC IN Equity,IRCTC,1900-01-01,9999-12-31
881,INE541A01023,GMM IN Equity,GMMPFAUDLR,1900-01-01,9999-12-31
882,INE466L01038,360ONE IN Equity,360ONE,1900-01-01,9999-12-31
883,INE150B01039,AACL IN Equity,ALKYLAMINE,1900-01-01,9999-12-31
884,INE679A01013,CSBBANK IN Equity,CSBBANK,1900-01-01,9999-12-31
885,INE09N301011,FLUOROCH IN Equity,FLUOROCHEM,1900-01-01,9999-12-31
886,INE205C01021,PLM IN Equity,POLYMED,1900-01-01,9999-12-31
887,INE551W01018,UJJIVANS IN Equity,UJJIVANSFB,1900-01-01,9999-12-31
888,INE258G01013,SUMICHEM IN Equity,SUMICHEM,1900-01-01,9999-12-31
889,INE018E01016,SBICARD IN Equity,SBICARD,1900-01-01,9999-12-31
890,INE485C01011,ICP IN Equity,IOLCP,1900-01-01,9999-12-31
891,INE624Z01016,SOLARA IN Equity,SOLARA,1900-01-01,9999-12-31
892,INE07Y701011,POWERIND IN Equity,POWERINDIA,1900-01-01,9999-12-31
893,INE633B01018,PPC IN Equity,POLYPLEX,1900-01-01,9999-12-31
894,INE488V01015,PSPPL IN Equity,PSPPROJECT,1900-01-01,9999-12-31
895,INE03QK01018,SUVENPHA IN Equity,SUVENPHAR,1900-01-01,9999-12-31
896,INE732I01013,ANGELONE IN Equity,ANGELONE,1900-01-01,9999-12-31
897,INE050E01027,BLA IN Equity,BALAMINES,1900-01-01,9999-12-31
898,INE596I01012,CAMS IN Equity,CAMS,1900-01-01,9999-12-31
899,INE027H01010,MAXHEALT IN Equity,MAXHEALTH,1900-01-01,9999-12-31
900,INE249Z01012,MAZDOCKS IN Equity,MAZDOCK,1900-01-01,9999-12-31
901,INE0AJG01018,HEMIPROP IN Equity,HEMIPROP,1900-01-01,9999-12-31
902,INE419U01012,HAPPSTMN IN Equity,HAPPSTMNDS,1900-01-01,9999-12-31
903,INE02A801020,ROSSARI IN Equity,ROSSARI,1900-01-01,9999-12-31
904,INE450U01017,ROUTE IN Equity,ROUTE,1900-01-01,9999-12-31
905,INE689W01016,PRINCPIP IN Equity,PRINCEPIPE,1900-01-01,9999-12-31
906,INE483C01032,TANLA IN Equity,TANLA,1900-01-01,9999-12-31
907,INE565V01010,VORG IN Equity,VALIANTORG,1900-01-01,9999-12-31
908,INE094J01016,UTIAM IN Equity,UTIAMC,1900-01-01,9999-12-31
909,INE07T201019,RBA IN Equity,RBA,1900-01-01,9999-12-31
910,INE068V01023,GLAND IN Equity,GLAND,1900-01-01,9999-12-31
911,INE053F01010,IRFC IN Equity,IRFC,1900-01-01,9999-12-31
912,INE576O01020,LXCHEM IN Equity,LXCHEM,1900-01-01,9999-12-31
913,INE09VQ01012,INDIGOPN IN Equity,INDIGOPNTS,1900-01-01,9999-12-31
914,INE170I01016,HGSL IN Equity,HGS,1900-01-01,9999-12-31
915,INE0BY001018,JUBLINGR IN Equity,JUBLINGREA,1900-01-01,9999-12-31
916,INE303R01014,KALYANKJ IN Equity,KALYANKJIL,1900-01-01,9999-12-31
917,INE481N01025,HOMEFIRS IN Equity,HOMEFIRST,1900-01-01,9999-12-31
918,INE670K01029,LODHA IN Equity,LODHA,1900-01-01,9999-12-31
919,INE930P01018,ANURAS IN Equity,ANURAS,1900-01-01,9999-12-31
920,INE063P01018,EQUITASB IN Equity,EQUITASBNK,1900-01-01,9999-12-31
921,INE188A01015,FCT IN Equity,FACT,1900-01-01,9999-12-31
922,INE418L01021,NAZARA IN Equity,NAZARA,1900-01-01,9999-12-31
923,INE0DD101019,RAILTEL IN Equity,RAILTEL,1900-01-01,9999-12-31
924,INE073K01018,SONACOMS IN Equity,SONACOMS,1900-01-01,9999-12-31
925,INE967H01017,KIMS IN Equity,KIMS,1900-01-01,9999-12-31
926,INE488A01050,CHEMPLAS IN Equity,CHEMPLASTS,1900-01-01,9999-12-31
927,INE227W01023,CLEAN IN Equity,CLEAN,1900-01-01,9999-12-31
928,INE404A01024,ABSLAMC IN Equity,ABSLAMC,1900-01-01,9999-12-31
929,INE666D01022,BORORENE IN Equity,BORORENEW,1900-01-01,9999-12-31
930,INE0I7C01011,LATENTVI IN Equity,LATENTVIEW,1900-01-01,9999-12-31
931,INE852O01025,APTUS IN Equity,APTUS,1900-01-01,9999-12-31
932,INE0BJS01011,GOCOLORS IN Equity,GOCOLORS,1900-01-01,9999-12-31
933,INE201P01022,GRINFRA IN Equity,GRINFRA,1900-01-01,9999-12-31
934,INE07O001026,EASEMYTR IN Equity,EASEMYTRIP,1900-01-01,9999-12-31
935,INE461D01028,HLEGLAS IN Equity,HLEGLAS,1900-01-01,9999-12-31
936,INE872J01023,DEVYANI IN Equity,DEVYANI,1900-01-01,9999-12-31
937,INE03Q201024,GLS IN Equity,GLS,1900-01-01,9999-12-31
938,INE0BV301023,MAPMYIND IN Equity,MAPMYINDIA,1900-01-01,9999-12-31
939,INE804L01022,MEDPLUS IN Equity,MEDPLUS,1900-01-01,9999-12-31
940,INE317I01021,METROBRA IN Equity,METROBRAND,1900-01-01,9999-12-31
941,INE425B01027,BCG IN Equity,BCG,1900-01-01,2024-08-01
942,INE959A01019,PRIVISCL IN Equity,PRIVISCL,1900-01-01,9999-12-31
943,INE834M01019,RATI IN Equity,RTNINDIA,1900-01-01,9999-12-31
944,INE810G01011,SHYAMMET IN Equity,SHYAMMETL,1900-01-01,9999-12-31
945,INE417T01026,POLICYBZ IN Equity,POLICYBZR,1900-01-01,9999-12-31
946,INE043W01024,VIJAYA IN Equity,VIJAYA,1900-01-01,9999-12-31
947,INE758T01015,ZOMATO IN Equity,ZOMATO,1900-01-01,9999-12-31
948,INE575P01011,STARHEAL IN Equity,STARHEALTH,1900-01-01,9999-12-31
949,INE806T01012,SAPPHIRE IN Equity,SAPPHIRE,1900-01-01,9999-12-31
950,INE118D01016,NUVOCO IN Equity,NUVOCO,1900-01-01,9999-12-31
951,INE388Y01029,NYKAA IN Equity,NYKAA,1900-01-01,9999-12-31
952,INE982J01020,PAYTM IN Equity,PAYTM,1900-01-01,9999-12-31
953,INE864I01014,MTARTECH IN Equity,MTARTECH,1900-01-01,9999-12-31
954,INE148O01028,DELHIVER IN Equity,DELHIVERY,1900-01-01,9999-12-31
955,INE0J1Y01017,LICI IN Equity,LICI,1900-01-01,9999-12-31
956,INE278Y01022,CAMPUS IN Equity,CAMPUS,1900-01-01,9999-12-31
957,INE825V01034,MANYAVAR IN Equity,MANYAVAR,1900-01-01,9999-12-31
958,INE927D01044,JBMA IN Equity,JBMA,1900-01-01,9999-12-31
959,INE699H01024,AWLTD IN Equity,AWL,1900-01-01,9999-12-31
960,INE0BWX01014,AETHER IN Equity,AETHER,1900-01-01,9999-12-31
961,INE08ZM01014,GREENP IN Equity,GREENPANEL,1900-01-01,9999-12-31
962,INE0FS801015,MSUMI IN Equity,MSUMI,1900-01-01,9999-12-31
963,INE260D01016,OLECTRA IN Equity,OLECTRA,1900-01-01,9999-12-31
964,INE010J01012,TEJASNET IN Equity,TEJASNET,1900-01-01,9999-12-31
965,INE961O01016,RAINBOW IN Equity,RAINBOW,1900-01-01,9999-12-31
966,INE0DK501011,PIRPHARM IN Equity,PPLPHARMA,1900-01-01,9999-12-31
967,INE128X01021,ACI IN Equity,ACI,1900-01-01,9999-12-31
968,INE153T01027,BLSIN IN Equity,BLS,1900-01-01,9999-12-31
969,INE00E101023,BIKAJI IN Equity,BIKAJI,1900-01-01,9999-12-31
970,INE128S01021,FIVESTAR IN Equity,FIVESTAR,1900-01-01,9999-12-31
971,INE00LO01017,CRAFTSMA IN Equity,CRAFTSMAN,1900-01-01,9999-12-31
972,INE247D01039,JINW IN Equity,JINDWORLD,1900-01-01,9999-12-31
973,INE0IX101010,DATAPATT IN Equity,DATAPATTNS,1900-01-01,9999-12-31
974,INE071N01016,EPIGRAL IN Equity,EPIGRAL,1900-01-01,9999-12-31
975,INE474Q01031,MEDANTA IN Equity,MEDANTA,1900-01-01,9999-12-31
976,INE138Y01010,KFINTECH IN Equity,KFINTECH,1900-01-01,9999-12-31
977,INE668A01016,TMB IN Equity,TMB,1900-01-01,9999-12-31
978,INE263M01029,RUSTOMJE IN Equity,RUSTOMJEE,1900-01-01,9999-12-31
979,INE0NNS01018,NSLNISP IN Equity,NSLNISP,1900-01-01,9999-12-31
980,INE758E01017,JIOFIN IN Equity,JIOFIN,1900-01-01,9999-12-31
981,INE634S01028,MANKIND IN Equity,MANKIND,1900-01-01,9999-12-31
982,INE918Z01012,KAYNES IN Equity,KAYNES,1900-01-01,9999-12-31
983,INE177H01021,GODPI IN Equity,GPIL,1900-01-01,9999-12-31
984,INE884B01025,KKF IN Equity,KKF,1900-01-01,2024-08-01
985,INE429E01023,SII IN Equity,SAFARI,1900-01-01,9999-12-31
986,INE0DYJ01015,SYRMA IN Equity,SYRMA,1900-01-01,9999-12-31
987,INE338H01029,CONCORDB IN Equity,CONCORDBIO,1900-01-01,9999-12-31
988,INE463V01026,ANANDRAT IN Equity,ANANDRATHI,1900-01-01,9999-12-31
989,INE209L01016,JWL IN Equity,JWL,1900-01-01,9999-12-31
990,INE731H01025,ACCE IN Equity,ACE,1900-01-01,9999-12-31
991,INE0LMW01024,CELLO IN Equity,CELLO,1900-01-01,9999-12-31
992,INE321T01012,DOMS IN Equity,DOMS,1900-01-01,9999-12-31
993,INE205B01031,ELCN IN Equity,ELECON,1900-01-01,9999-12-31
994,INE281B01032,LLOYDSME IN Equity,LLOYDSME,1900-01-01,9999-12-31
995,INE880J01026,JSWINFRA IN Equity,JSWINFRA,1900-01-01,9999-12-31
996,INE330T01021,HAPPYFOR IN Equity,HAPPYFORGE,1900-01-01,9999-12-31
997,INE292B01021,HBPS IN Equity,HBLPOWER,1900-01-01,9999-12-31
998,INE0J5401028,HONASA IN Equity,HONASA,1900-01-01,9999-12-31
999,INE777K01022,RRKABEL IN Equity,RRKABEL,1900-01-01,9999-12-31
1000,INE531F01015,NUVAMA IN Equity,NUVAMA,1900-01-01,9999-12-31
1001,INE903U01023,SIGNATUR IN Equity,SIGNATURE,1900-01-01,9999-12-31
1002,INE615H01020,TITAGARH IN Equity,TITAGARH,1900-01-01,9999-12-31
1003,INE395N01027,TVSSCS IN Equity,TVSSCS,1900-01-01,9999-12-31
1004,INE423Y01016,SBFC IN Equity,SBFC,1900-01-01,9999-12-31
1005,INE142M01025,TATATECH IN Equity,TATATECH,1900-01-01,9999-12-31
